date,vec_momentum,vec_equal_weight_bh,event_sma_cross,event_buy_hold
2018-10-16,1.0,1.0,1.0,1.0
2018-10-17,1.0,1.00645,1.0,0.999201
2018-10-18,1.0,0.983496,1.0,0.97149
2018-10-19,1.0,1.00834,1.0,1.005198
2018-10-22,1.0,1.051102,1.0,1.037421
2018-10-23,1.0,1.025331,1.0,0.965605
2018-10-24,1.0,1.024277,1.0,0.958951
2018-10-25,1.0,1.026729,1.0,0.933747
2018-10-26,1.0,1.020486,1.0,0.921278
2018-10-29,1.0,0.993072,1.0,0.835802
2018-10-30,1.0,1.001194,1.0,0.800651
2018-10-31,1.0,1.020015,1.0,0.835536
2018-11-01,1.0,1.02982,1.0,0.85529
2018-11-02,1.0,1.064594,1.0,0.906987
2018-11-05,1.0,1.059178,1.0,0.873223
2018-11-06,1.0,1.059139,1.0,0.859493
2018-11-07,1.0,1.053131,1.0,0.860054
2018-11-08,1.0,1.050045,1.0,0.865574
2018-11-09,1.0,1.040513,1.0,0.853889
2018-11-12,1.0,1.055748,1.0,0.839879
2018-11-13,1.0,1.05969,1.0,0.865097
2018-11-14,1.0,1.055301,1.0,0.844222
2018-11-15,1.0,1.065584,1.0,0.850667
2018-11-16,1.0,1.069953,1.0,0.851087
2018-11-19,1.0,1.079188,1.0,0.863724
2018-11-20,1.0,1.057975,1.0,0.853329
2018-11-21,1.0,1.064388,1.0,0.857672
2018-11-22,1.0,1.06067,1.0,0.857392
2018-11-23,1.0,1.03851,1.0,0.846744
2018-11-26,1.0,1.03959,1.0,0.840033
2018-11-27,1.0,1.037869,1.0,0.834415
2018-11-28,1.0,1.055343,1.0,0.846884
2018-11-29,1.0,1.04657,1.0,0.839319
2018-11-30,1.0,1.058809,1.0,0.858092
2018-12-03,1.0,1.087078,1.0,0.908809
2018-12-04,1.0,1.088527,1.0,0.910252
2018-12-05,1.0,1.08924,1.0,0.921278
2018-12-06,1.0,1.06617,1.0,0.895639
2018-12-07,1.0,1.068654,1.0,0.888914
2018-12-10,1.0,1.060295,1.0,0.875227
2018-12-11,1.0,1.063962,1.0,0.883296
2018-12-12,1.0,1.067512,1.0,0.891716
2018-12-13,1.0,1.084964,1.0,0.909579
2018-12-14,1.0,1.066518,1.0,0.897264
2018-12-17,1.0,1.063474,1.0,0.893846
2018-12-18,1.0,1.055476,1.0,0.894434
2018-12-19,1.0,1.042108,1.0,0.876025
2018-12-20,1.0,1.037129,1.0,0.871402
2018-12-21,1.0,1.027098,1.0,0.861469
2018-12-24,1.0,1.0345,1.0,0.862295
2018-12-25,1.0,1.029023,1.0,0.859199
2018-12-26,1.0,1.022791,1.0,0.851199
2018-12-27,1.0,1.017444,1.0,0.85529
2018-12-28,1.0,1.022666,1.0,0.893131
2019-01-02,1.0,1.010346,1.0,0.905698
2019-01-03,1.0,1.004913,1.0,0.893117
2019-01-04,1.0,1.022183,1.0,0.90993
2019-01-07,1.0,1.033819,1.0,0.914819
2019-01-08,1.0,1.03304,1.0,0.913838
2019-01-09,1.0,1.042332,1.0,0.929712
2019-01-10,1.0,1.043154,1.0,0.933424
2019-01-11,1.0,1.047685,0.9992,0.957395
2019-01-14,1.0,1.040385,0.982687,0.941592
2019-01-15,1.0,1.059345,1.034483,0.99116
2019-01-16,1.0,1.057754,1.036122,0.992729
2019-01-17,1.0,1.053784,1.033414,0.990137
2019-01-18,1.0,1.073118,1.069077,1.024265
2019-01-21,1.0,1.078327,1.07401,1.028987
2019-01-22,1.0,1.064696,1.050616,1.006599
2019-01-23,1.0,1.067351,1.042798,0.999117
2019-01-24,1.0,1.07151,1.052812,1.0087
2019-01-25,1.0,1.079473,1.063353,1.018787
2019-01-28,1.0,1.080182,1.0594,1.015005
2019-01-29,1.0,1.085233,1.071112,1.026213
2019-01-30,1.0,1.080633,1.057936,1.013604
2019-01-31,1.0,1.088943,1.077846,1.032657
2019-02-01,1.0,1.104907,1.08234,1.036958
2019-02-11,1.0,1.125617,1.13011,1.082673
2019-02-12,1.0,1.132395,1.119306,1.072334
2019-02-13,1.0,1.149949,1.144677,1.096613
2019-02-14,1.0,1.15565,1.147474,1.099289
2019-02-15,1.0,1.140339,1.129349,1.081945
2019-02-18,1.0,1.172449,1.151631,1.103268
2019-02-19,1.0,1.16967,1.138104,1.090323
2019-02-20,1.0,1.179034,1.125279,1.07805
2019-02-21,1.0,1.18384,1.122717,1.075598
2019-02-22,1.0,1.207629,1.13115,1.083668
2019-02-25,1.0,1.258569,1.155042,1.106532
2019-02-26,1.0,1.250863,1.133112,1.085545
2019-02-27,1.0,1.239043,1.152656,1.104249
2019-02-28,1.0,1.242088,1.173606,1.124297
2019-03-01,1.0,1.265832,1.223806,1.172337
2019-03-04,1.0,1.285141,1.212914,1.161914
2019-03-05,1.0,1.296705,1.209869,1.159
2019-03-06,1.0,1.300947,1.192623,1.142496
2019-03-07,1.0,1.277719,1.164221,1.115317
2019-03-08,1.0,1.241474,1.147971,1.099766
2019-03-11,1.0,1.27196,1.178773,1.129243
2019-03-12,1.0,1.284631,1.158966,1.110287
2019-03-13,1.0,1.26502,1.172127,1.122882
2019-03-14,1.0,1.25922,1.207263,1.156506
2019-03-15,1.0,1.280418,1.206238,1.155525
2019-03-18,1.0,1.317226,1.254242,1.201465
2019-03-19,1.0,1.309154,1.228652,1.176975
2019-03-20,1.0,1.304555,1.22893,1.177241
2019-03-21,1.0,1.304319,1.218609,1.167364
2019-03-22,1.0,1.303773,1.230687,1.178922
2019-03-25,1.0,1.279219,1.203749,1.153144
2019-03-26,1.0,1.268543,1.199943,1.149501
2019-03-27,1.0,1.282507,1.222635,1.171217
2019-03-28,1.0,1.284249,1.249426,1.196855
2019-03-29,1.0,1.32708,1.318511,1.262968
2019-04-01,1.0,1.367964,1.325846,1.269988
2019-04-02,1.0,1.36451,1.31267,1.257379
2019-04-03,1.0,1.383217,1.304618,1.249673
2019-04-04,1.0,1.3943,1.33463,1.278393
2019-04-08,1.0,1.383747,1.386162,1.327709
2019-04-09,1.0,1.389711,1.393189,1.334434
2019-04-10,1.0,1.393061,1.456126,1.394663
2019-04-11,1.0,1.362915,1.422762,1.362734
2019-04-12,1.0,1.36195,1.406365,1.347043
2019-04-15,1.0,1.357049,1.396117,1.337236
2019-04-16,1.0,1.38805,1.444283,1.383329
2019-04-17,1.0,1.398036,1.461997,1.400281
2019-04-18,1.0,1.392578,1.452481,1.391174
2019-04-19,1.0,1.404808,1.462816,1.401065
2019-04-22,0.9992,1.383341,1.457898,1.396358
2019-04-23,0.975451,1.37628,1.495595,1.432434
2019-04-24,0.985288,1.382348,1.488349,1.425499
2019-04-25,0.991101,1.361231,1.462538,1.400799
2019-04-26,0.975488,1.344814,1.451749,1.390474
2019-04-29,0.959454,1.347872,1.491233,1.428259
2019-04-30,0.971922,1.353602,1.494205,1.431103
2019-05-06,0.933188,1.284442,1.394653,1.335835
2019-05-07,0.943566,1.29962,1.371229,1.313419
2019-05-08,0.901044,1.279231,1.363031,1.305573
2019-05-09,0.925345,1.264737,1.325568,1.269721
2019-05-10,0.979314,1.313116,1.396293,1.337404
2019-05-13,0.964216,1.296278,1.374157,1.316221
2019-05-14,0.976028,1.292449,1.366208,1.308613
2019-05-15,1.014655,1.322524,1.425397,1.365256
2019-05-16,0.998533,1.32383,1.429657,1.369333
2019-05-17,0.972638,1.294942,1.39581,1.336941
2019-05-20,0.938589,1.276276,1.363851,1.306357
2019-05-21,0.969864,1.295065,1.378549,1.320424
2019-05-22,0.970347,1.290422,1.368302,1.310617
2019-05-23,0.943376,1.26606,1.328774,1.272789
2019-05-24,0.92789,1.264949,1.354394,1.297307
2019-05-27,0.967866,1.285018,1.355126,1.298008
2019-05-28,0.989457,1.302767,1.368302,1.310617
2019-05-29,0.975931,1.294832,1.403306,1.344115
2019-05-30,0.989721,1.292367,1.393628,1.334854
2019-05-31,1.009431,1.296022,1.371229,1.313419
2019-06-03,0.997404,1.299992,1.374157,1.316221
2019-06-04,1.000519,1.289503,1.349709,1.292824
2019-06-05,0.97796,1.289673,1.344292,1.28764
2019-06-06,0.937016,1.267039,1.330428,1.274373
2019-06-10,0.955482,1.288211,1.343531,1.286912
2019-06-11,1.007833,1.328907,1.401812,1.342686
2019-06-12,0.979441,1.317203,1.395678,1.336815
2019-06-13,0.983342,1.313847,1.400509,1.341439
2019-06-14,0.971479,1.303346,1.404901,1.345642
2019-06-17,0.947556,1.298903,1.402852,1.34368
2019-06-18,0.970154,1.305432,1.410757,1.351246
2019-06-19,0.976392,1.32386,1.431586,1.372275
2019-06-20,0.994492,1.353062,1.431586,1.432504
2019-06-21,0.976971,1.351105,1.430441,1.434325
2019-06-24,0.991616,1.356133,1.445544,1.449456
2019-06-25,0.965187,1.342507,1.439782,1.443684
2019-06-26,0.958459,1.34343,1.435419,1.439313
2019-06-27,0.981993,1.363246,1.458479,1.462415
2019-06-28,0.987864,1.360762,1.46154,1.465482
2019-07-01,1.033768,1.396621,1.528466,1.532534
2019-07-02,1.046944,1.400548,1.518873,1.522923
2019-07-03,1.019745,1.385498,1.466993,1.470946
2019-07-04,1.001245,1.377312,1.457624,1.461559
2019-07-05,1.037492,1.389106,1.483662,1.487646
2019-07-08,1.034899,1.364755,1.462742,1.466687
2019-07-09,1.036886,1.364726,1.450437,1.454358
2019-07-10,1.043366,1.367537,1.45947,1.463409
2019-07-11,1.040732,1.363905,1.458044,1.46198
2019-07-12,1.048089,1.375233,1.464462,1.46841
2019-07-15,1.061968,1.389064,1.450255,1.454176
2019-07-16,1.051202,1.382883,1.439166,1.443066
2019-07-17,1.056413,1.387444,1.432873,1.436762
2019-07-18,1.037877,1.377625,1.410499,1.414346
2019-07-19,1.050583,1.38944,1.422203,1.426072
2019-07-22,1.038882,1.386436,1.423812,1.427683
2019-07-23,1.034011,1.394328,1.419561,1.423424
2019-07-24,1.030504,1.403196,1.408905,1.412748
2019-07-25,1.050863,1.414602,1.432174,1.436061
2019-07-26,1.050399,1.424339,1.435013,1.438905
2019-07-29,1.075321,1.427655,1.450926,1.454849
2019-07-30,1.071263,1.429324,1.45445,1.458379
2019-07-31,1.061428,1.417646,1.445598,1.449511
2019-08-01,1.078471,1.410985,1.427,1.430877
2019-08-02,1.062848,1.394339,1.420218,1.424083
2019-08-05,1.048262,1.368934,1.403409,1.407242
2019-08-06,1.048596,1.35618,1.408821,1.412664
2019-08-07,1.038214,1.351148,1.407003,1.410843
2019-08-08,1.053019,1.363082,1.444312,1.448222
2019-08-09,1.024614,1.346478,1.430817,1.434702
2019-08-12,1.064279,1.367953,1.509965,1.513999
2019-08-13,1.055702,1.356165,1.509014,1.513046
2019-08-14,1.067597,1.362836,1.544505,1.548604
2019-08-15,1.081921,1.369348,1.5467,1.550803
2019-08-16,1.092889,1.374882,1.560265,1.564393
2019-08-19,1.109198,1.403578,1.562054,1.566186
2019-08-20,1.131629,1.410829,1.581799,1.585968
2019-08-21,1.12371,1.416264,1.576206,1.580364
2019-08-22,1.130555,1.418304,1.629344,1.633603
2019-08-23,1.127359,1.423539,1.665842,1.670169
2019-08-26,1.125484,1.410941,1.627876,1.632132
2019-08-27,1.167943,1.436281,1.636336,1.640608
2019-08-28,1.182527,1.438662,1.623904,1.628153
2019-08-29,1.204585,1.433781,1.642069,1.646352
2019-08-30,1.203724,1.434479,1.682482,1.686841
2019-09-02,1.228255,1.456881,1.677951,1.682301
2019-09-03,1.241794,1.459272,1.679685,1.684039
2019-09-04,1.223883,1.461712,1.658724,1.663038
2019-09-05,1.239844,1.471359,1.685279,1.689643
2019-09-06,1.215827,1.472662,1.683167,1.687527
2019-09-09,1.226012,1.482437,1.674819,1.679163
2019-09-10,1.221536,1.478774,1.657102,1.661412
2019-09-11,1.182362,1.461598,1.581128,1.585296
2019-09-12,1.186147,1.47363,1.622352,1.626598
2019-09-16,1.199853,1.471429,1.622352,1.626598
2019-09-17,1.205305,1.454753,1.615374,1.619607
2019-09-18,1.216214,1.460823,1.692131,1.696508
2019-09-19,1.233014,1.46629,1.686677,1.691044
2019-09-20,1.255727,1.474102,1.704045,1.708444
2019-09-23,1.24803,1.456645,1.692271,1.696648
2019-09-24,1.251577,1.457938,1.741214,1.745683
2019-09-25,1.231332,1.443174,1.72723,1.731673
2019-09-26,1.203543,1.421888,1.717441,1.721866
2019-09-27,1.232105,1.428315,1.728279,1.732724
2019-09-30,1.19602,1.417202,1.693669,1.698049
2019-10-08,1.205984,1.429159,1.717581,1.722006
2019-10-09,1.197217,1.432464,1.689208,1.69358
2019-10-10,1.215683,1.453106,1.700661,1.705054
2019-10-11,1.214709,1.459768,1.728069,1.732514
2019-10-14,1.236699,1.471638,1.73562,1.740079
2019-10-15,1.237754,1.46655,1.77897,1.78351
2019-10-16,1.222503,1.453595,1.721637,1.726069
2019-10-17,1.242522,1.456106,1.740277,1.744744
2019-10-18,1.221629,1.438641,1.729733,1.734181
2019-10-21,1.218057,1.4444,1.719539,1.723967
2019-10-22,1.236789,1.453331,1.722755,1.72719
2019-10-23,1.232606,1.445668,1.706129,1.710532
2019-10-24,1.220876,1.440887,1.694047,1.698427
2019-10-25,1.251977,1.466543,1.723524,1.72796
2019-10-28,1.260822,1.477614,1.733229,1.737683
2019-10-29,1.267581,1.4763,1.753799,1.758292
2019-10-30,1.295851,1.475001,1.740934,1.745403
2019-10-31,1.269902,1.468393,1.735634,1.740093
2019-11-01,1.272823,1.482869,1.742612,1.747084
2019-11-04,1.290482,1.497821,1.763014,1.767525
2019-11-05,1.330139,1.512905,1.762189,1.766698
2019-11-06,1.304985,1.503067,1.753799,1.758292
2019-11-07,1.303983,1.503244,1.765503,1.770018
2019-11-08,1.293845,1.498388,1.77058,1.775104
2019-11-11,1.291659,1.475838,1.762189,1.766698
2019-11-12,1.305292,1.478555,1.765825,1.770341
2019-11-13,1.335429,1.484877,1.797148,1.801723
2019-11-14,1.352725,1.487921,1.805539,1.810129
2019-11-15,1.331775,1.471952,1.798407,1.802984
2019-11-18,1.330324,1.479169,1.801735,1.806318
2019-11-19,1.366093,1.501542,1.808783,1.813379
2019-11-20,1.339191,1.487326,1.810783,1.815383
2019-11-21,1.337445,1.485747,1.807357,1.811951
2019-11-22,1.294167,1.469411,1.755197,1.759693
2019-11-25,1.262008,1.475999,1.738501,1.742965
2019-11-26,1.296409,1.488751,1.742612,1.747084
2019-11-27,1.310921,1.484202,1.749534,1.754019
2019-11-28,1.304229,1.481033,1.729747,1.734195
2019-11-29,1.268117,1.466547,1.664303,1.668628
2019-12-02,1.291004,1.479163,1.669897,1.674232
2019-12-03,1.308297,1.489851,1.648921,1.653217
2019-12-04,1.306199,1.490205,1.654976,1.659283
2019-12-05,1.323471,1.500495,1.665422,1.669749
2019-12-06,1.371124,1.513654,1.721637,1.726069
2019-12-09,1.361044,1.509894,1.705835,1.710238
2019-12-10,1.370112,1.511506,1.713806,1.718223
2019-12-11,1.357957,1.510374,1.706226,1.71063
2019-12-12,1.35645,1.505734,1.67549,1.679836
2019-12-13,1.35898,1.524231,1.711848,1.716262
2019-12-16,1.369055,1.529212,1.689408,1.695135
2019-12-17,1.381028,1.544289,1.689408,1.726041
2019-12-18,1.361242,1.534796,1.689408,1.723267
2019-12-19,1.364555,1.53437,1.689408,1.708416
2019-12-20,1.358636,1.531566,1.689408,1.692865
2019-12-23,1.339724,1.51444,1.689408,1.697068
2019-12-24,1.343519,1.52145,1.689408,1.695247
2019-12-25,1.357221,1.529242,1.689408,1.675213
2019-12-26,1.366348,1.53599,1.689408,1.677174
2019-12-27,1.365184,1.537908,1.689408,1.716262
2019-12-30,1.386834,1.558202,1.689408,1.748205
2019-12-31,1.411611,1.570451,1.689408,1.744282
2020-01-02,1.433187,1.596379,1.689408,1.670029
2020-01-03,1.426048,1.590886,1.689408,1.597961
2020-01-06,1.420875,1.582527,1.689408,1.597163
2020-01-07,1.415228,1.59149,1.689408,1.620335
2020-01-08,1.411852,1.578158,1.689408,1.611383
2020-01-09,1.462907,1.605374,1.689408,1.631781
2020-01-10,1.458103,1.603807,1.689408,1.645511
2020-01-13,1.499294,1.620744,1.689408,1.662001
2020-01-14,1.492907,1.615077,1.689408,1.638366
2020-01-15,1.516244,1.614059,1.689408,1.644993
2020-01-16,1.506924,1.608635,1.689408,1.637806
2020-01-17,1.488648,1.60847,1.689408,1.638506
2020-01-20,1.563118,1.626503,1.689408,1.61539
2020-01-21,1.530591,1.597585,1.689408,1.593394
2020-01-22,1.577715,1.611758,1.689408,1.593688
2020-01-23,1.517955,1.564837,1.689408,1.561871
2020-02-03,1.4113,1.453553,1.689408,1.49339
2020-02-04,1.500879,1.50709,1.689408,1.54115
2020-02-05,1.579502,1.536113,1.689408,1.557935
2020-02-06,1.610305,1.568868,1.689408,1.58737
2020-02-07,1.564298,1.565973,1.689408,1.594375
2020-02-10,1.567564,1.581896,1.689408,1.581051
2020-02-11,1.581071,1.591907,1.689408,1.625197
2020-02-12,1.599012,1.602822,1.689408,1.624174
2020-02-13,1.594268,1.603277,1.689408,1.61539
2020-02-14,1.586278,1.613652,1.689408,1.611187
2020-02-17,1.620535,1.648171,1.689408,1.619341
2020-02-18,1.623749,1.648199,1.689408,1.605583
2020-02-19,1.599388,1.6452,1.689408,1.623095
2020-02-20,1.66136,1.681484,1.689408,1.653217
2020-02-21,1.66466,1.68231,1.689408,1.646044
2020-02-24,1.697484,1.690656,1.689408,1.610038
2020-02-25,1.716316,1.698752,1.689408,1.592707
2020-02-26,1.623082,1.671909,1.689408,1.591152
2020-02-27,1.58878,1.673714,1.689408,1.610332
2020-02-28,1.531796,1.622747,1.689408,1.567755
2020-03-02,1.548082,1.674296,1.689408,1.608399
2020-03-03,1.601926,1.685133,1.689408,1.646212
2020-03-04,1.56435,1.68672,1.689408,1.668516
2020-03-05,1.590123,1.721716,1.689408,1.72747
2020-03-06,1.58002,1.697263,1.689408,1.705754
2020-03-09,1.51937,1.64663,1.689408,1.647627
2020-03-10,1.580409,1.676653,1.689408,1.706455
2020-03-11,1.549955,1.661751,1.689408,1.709985
2020-03-12,1.519022,1.629756,1.689408,1.681937
2020-03-13,1.508247,1.614983,1.689408,1.644853
2020-03-16,1.367883,1.536716,1.688108,1.581766
2020-03-17,1.334084,1.524002,1.656572,1.551084
2020-03-18,1.319527,1.506704,1.603134,1.499092
2020-03-19,1.346184,1.495154,1.584651,1.482294
2020-03-20,1.341666,1.51281,1.584651,1.537326
2020-03-23,1.259277,1.45943,1.584651,1.514517
2020-03-24,1.296278,1.496193,1.584651,1.566355
2020-03-25,1.387019,1.545757,1.584651,1.600119
2020-03-26,1.354605,1.539106,1.584651,1.578851
2020-03-27,1.351413,1.543749,1.584651,1.593674
2020-03-30,1.373126,1.545929,1.584651,1.588771
2020-03-31,1.390511,1.56068,1.584651,1.64341
2020-04-01,1.386739,1.555423,1.584651,1.632202
2020-04-02,1.438583,1.579432,1.584651,1.691044
2020-04-03,1.434888,1.574697,1.584651,1.683745
2020-04-07,1.47792,1.613678,1.584651,1.711989
2020-04-08,1.457934,1.605619,1.584651,1.711723
2020-04-09,1.435358,1.601458,1.584651,1.709958
2020-04-10,1.407386,1.585799,1.584651,1.719064
2020-04-13,1.378162,1.578609,1.584651,1.715281
2020-04-14,1.443684,1.611534,1.584651,1.747224
2020-04-15,1.453134,1.603928,1.583384,1.753529
2020-04-16,1.465549,1.608399,1.592878,1.764036
2020-04-17,1.503729,1.630638,1.629464,1.804525
2020-04-20,1.509636,1.639891,1.631109,1.806347
2020-04-21,1.481799,1.62291,1.59655,1.768099
2020-04-22,1.506069,1.64059,1.652883,1.830444
2020-04-23,1.490308,1.636318,1.662707,1.841316
2020-04-24,1.490266,1.624757,1.660555,1.838934
2020-04-27,1.51457,1.633888,1.69276,1.874575
2020-04-28,1.570628,1.663754,1.696722,1.878961
2020-04-29,1.562394,1.660712,1.691367,1.873034
2020-04-30,1.600936,1.683399,1.679721,1.860145
2020-05-06,1.616836,1.69297,1.723142,1.908199
2020-05-07,1.603256,1.689291,1.738333,1.925012
2020-05-08,1.603956,1.698062,1.741637,1.928668
2020-05-11,1.558933,1.683692,1.752271,1.940436
2020-05-12,1.563172,1.688014,1.764917,1.954433
2020-05-13,1.570479,1.693278,1.768652,1.958566
2020-05-14,1.546418,1.669633,1.756803,1.945452
2020-05-15,1.575029,1.669053,1.739599,1.926412
2020-05-18,1.557752,1.672133,1.78164,1.97294
2020-05-19,1.560283,1.683831,1.781514,1.9728
2020-05-20,1.538551,1.662769,1.787704,1.979651
2020-05-21,1.535758,1.654368,1.806819,2.000806
2020-05-22,1.512763,1.625059,1.758841,1.947708
2020-05-25,1.518374,1.629519,1.802768,1.996323
2020-05-26,1.55534,1.651921,1.796565,1.989458
2020-05-27,1.527187,1.634475,1.771247,1.961438
2020-05-28,1.505769,1.632104,1.778842,1.969844
2020-05-29,1.512752,1.645885,1.807452,2.001506
2020-06-01,1.545015,1.687545,1.87442,2.075619
2020-06-02,1.536412,1.68778,1.863292,2.063305
2020-06-03,1.525663,1.686428,1.848848,2.047319
2020-06-04,1.522551,1.68246,1.859849,2.059494
2020-06-05,1.518195,1.689261,1.881382,2.083325
2020-06-08,1.503847,1.698174,1.857456,2.056846
2020-06-09,1.521377,1.71294,1.870685,2.071487
2020-06-10,1.547233,1.715531,1.879686,2.081448
2020-06-11,1.5643,1.702424,1.850317,2.048944
2020-06-12,1.551804,1.705027,1.870457,2.071234
2020-06-15,1.537416,1.689012,1.828214,2.024483
2020-06-16,1.563202,1.709851,1.854646,2.053736
2020-06-17,1.56091,1.711587,1.856064,2.055305
2020-06-18,1.595832,1.732294,1.866191,2.066513
2020-06-19,1.653137,1.764698,1.900169,2.104116
2020-06-22,1.680362,1.76936,1.899105,2.102939
2020-06-23,1.724692,1.780901,1.944046,2.152675
2020-06-24,1.732171,1.792188,1.947255,2.156226
2020-06-29,1.710464,1.794755,1.951255,2.160653
2020-06-30,1.75429,1.827506,1.950888,2.160247
2020-07-01,1.751662,1.867112,1.990625,2.204225
2020-07-02,1.745422,1.892424,2.053579,2.273897
2020-07-03,1.772954,1.910419,2.050782,2.2708
2020-07-06,1.844395,2.002066,2.124471,2.352353
2020-07-07,1.916705,2.018211,2.235872,2.475641
2020-07-08,1.929315,2.042613,2.227441,2.46631
2020-07-09,1.961168,2.079825,2.258659,2.500859
2020-07-10,1.95075,2.057291,2.268596,2.511857
2020-07-13,2.010143,2.117695,2.354856,2.607321
2020-07-14,2.046779,2.115359,2.329551,2.579315
2020-07-15,2.017696,2.100125,2.317562,2.566048
2020-07-16,1.861246,1.984644,2.142194,2.371967
2020-07-17,1.926086,2.017727,2.185299,2.419671
2020-07-20,1.986188,2.0727,2.17126,2.404134
2020-07-21,1.993235,2.081968,2.210554,2.447621
2020-07-22,2.019937,2.095098,2.223314,2.461743
2020-07-23,2.107167,2.112298,2.220681,2.458829
2020-07-24,1.971135,2.029134,2.118521,2.345768
2020-07-27,1.967222,2.040189,2.153018,2.383945
2020-07-28,2.014248,2.065406,2.213086,2.450423
2020-07-29,2.084184,2.108415,2.215618,2.453225
2020-07-30,2.106927,2.114579,2.225745,2.464433
2020-07-31,2.165433,2.132564,2.223441,2.461883
2020-08-03,2.195597,2.162509,2.210554,2.447621
2020-08-04,2.150488,2.150665,2.213073,2.450409
2020-08-05,2.160297,2.162777,2.210554,2.447621
2020-08-06,2.130143,2.143564,2.172526,2.405535
2020-08-07,2.11211,2.124056,2.163715,2.395784
2020-08-10,2.05146,2.123119,2.1675,2.399973
2020-08-11,2.024575,2.101048,2.178285,2.411909
2020-08-12,1.941358,2.079714,2.158588,2.39011
2020-08-13,1.964236,2.081794,2.168778,2.401388
2020-08-14,1.981506,2.106176,2.201692,2.437814
2020-08-17,2.021537,2.12981,2.238404,2.478443
2020-08-18,2.030048,2.13258,2.257393,2.499458
2020-08-19,1.934793,2.10226,2.234606,2.47424
2020-08-20,1.908232,2.076475,2.20549,2.442017
2020-08-21,1.930599,2.103615,2.220681,2.458829
2020-08-24,1.9573,2.142596,2.246443,2.487339
2020-08-25,1.965453,2.139415,2.285243,2.53028
2020-08-26,1.916265,2.109366,2.285243,2.53028
2020-08-27,1.928435,2.130188,2.290307,2.535884
2020-08-28,2.02,2.177835,2.323221,2.57231
2020-08-31,2.000091,2.164056,2.360566,2.61364
2020-09-01,2.004787,2.19271,2.380162,2.635328
2020-09-02,2.011354,2.200856,2.371326,2.625548
2020-09-03,2.011543,2.196194,2.368794,2.622747
2020-09-04,1.979783,2.177279,2.339678,2.590523
2020-09-07,1.905801,2.117735,2.280813,2.525377
2020-09-08,1.894793,2.120916,2.265495,2.508425
2020-09-09,1.853307,2.074487,2.235872,2.475641
2020-09-10,1.903869,2.087168,2.258406,2.500579
2020-09-11,1.975009,2.128726,2.292839,2.538686
2020-09-14,2.006894,2.144593,2.334614,2.584919
2020-09-15,2.029779,2.15869,2.327019,2.576514
2020-09-16,1.997399,2.149512,2.282838,2.527618
2020-09-17,1.967146,2.136488,2.213744,2.451152
2020-09-18,1.98259,2.166336,2.244734,2.485448
2020-09-21,1.958453,2.142113,2.209035,2.44594
2020-09-22,1.943545,2.123359,2.20763,2.444385
2020-09-23,2.028413,2.14566,2.187742,2.422375
2020-09-24,1.970942,2.098102,2.161588,2.39343
2020-09-25,1.993136,2.096581,2.168918,2.401542
2020-09-28,2.013675,2.11114,2.201692,2.437814
2020-09-29,2.014601,2.128585,2.190679,2.425625
2020-09-30,2.009583,2.135367,2.211187,2.448322
2020-10-09,2.065883,2.190648,2.246,2.486849
2020-10-12,2.153172,2.266115,2.315132,2.563358
2020-10-13,2.187836,2.291199,2.300434,2.547092
2020-10-14,2.158599,2.270894,2.287775,2.533082
2020-10-15,2.103291,2.251037,2.282712,2.527478
2020-10-16,2.068022,2.236121,2.266255,2.509265
2020-10-19,2.006352,2.208705,2.249798,2.491052
2020-10-20,2.075925,2.239585,2.294105,2.540087
2020-10-21,2.047774,2.222143,2.291422,2.539149
2020-10-22,2.037423,2.211076,2.291422,2.551996
2020-10-23,2.013328,2.173123,2.291422,2.513931
2020-10-26,2.014081,2.182208,2.291422,2.412596
2020-10-27,2.026269,2.19357,2.291422,2.387378
2020-10-28,2.116736,2.224511,2.291422,2.443152
2020-10-29,2.139079,2.246271,2.291422,2.458829
2020-10-30,2.12833,2.224754,2.291422,2.450451
2020-11-02,2.145408,2.255338,2.291422,2.456041
2020-11-03,2.150071,2.26852,2.291422,2.485448
2020-11-04,2.168021,2.280513,2.291422,2.491865
2020-11-05,2.236197,2.322317,2.28959,2.523135
2020-11-06,2.186646,2.315678,2.262524,2.493322
2020-11-09,2.212791,2.359872,2.315881,2.552094
2020-11-10,2.224363,2.342186,2.318972,2.555498
2020-11-11,2.176673,2.302228,2.299769,2.536375
2020-11-12,2.189273,2.303798,2.299769,2.541194
2020-11-13,2.159407,2.279234,2.299769,2.499458
2020-11-16,2.176395,2.300405,2.299769,2.534553
2020-11-17,2.128929,2.281824,2.299769,2.514589
2020-11-18,2.103619,2.269786,2.299769,2.483557
2020-11-19,2.120264,2.298468,2.299769,2.520739
2020-11-20,2.223897,2.325172,2.299769,2.520417
2020-11-23,2.26639,2.343303,2.299769,2.618838
2020-11-24,2.236523,2.334742,2.299769,2.581417
2020-11-25,2.235347,2.305525,2.297965,2.530112
2020-11-26,2.201669,2.307978,2.307343,2.540634
2020-11-27,2.21672,2.337478,2.311726,2.545551
2020-11-30,2.18254,2.329532,2.281769,2.511941
2020-12-01,2.230228,2.371685,2.310602,2.54429
2020-12-02,2.171504,2.363935,2.311864,2.545705
2020-12-03,2.16132,2.358702,2.325587,2.561102
2020-12-04,2.16689,2.366196,2.380668,2.622901
2020-12-07,2.187548,2.364074,2.404756,2.649926
2020-12-08,2.211649,2.362621,2.451708,2.702604
2020-12-09,2.193321,2.335029,2.439221,2.688594
2020-12-10,2.224986,2.347423,2.430355,2.678647
2020-12-11,2.23668,2.339922,2.414246,2.660574
2020-12-14,2.306556,2.364322,2.425485,2.673183
2020-12-15,2.339345,2.372512,2.409264,2.654984
2020-12-16,2.340029,2.38398,2.439221,2.688594
2020-12-17,2.35351,2.40786,2.471076,2.724333
2020-12-18,2.457328,2.420041,2.445465,2.695599
2020-12-21,2.606512,2.467289,2.442343,2.692096
2020-12-22,2.577359,2.434279,2.490418,2.746035
2020-12-23,2.705788,2.483471,2.441281,2.690905
2020-12-24,2.661896,2.484868,2.427158,2.67506
2020-12-25,2.746328,2.513886,2.426734,2.674584
2020-12-28,2.825957,2.541319,2.480429,2.734827
2020-12-29,2.708825,2.51009,2.472936,2.726421
2020-12-30,2.813317,2.566213,2.555352,2.818887
2020-12-31,2.880804,2.616905,2.636519,2.909952
2021-01-04,3.015716,2.689151,2.63527,2.908551
2021-01-05,3.11648,2.764652,2.713253,2.996044
2021-01-06,3.122117,2.793846,2.763889,3.052855
2021-01-07,3.313121,2.882419,2.813838,3.108895
2021-01-08,3.272046,2.851753,2.751401,3.038845
2021-01-11,3.241231,2.813281,2.763551,3.052476
2021-01-12,3.370432,2.898344,2.839936,3.138176
2021-01-13,3.404404,2.882823,2.843807,3.142519
2021-01-14,3.169877,2.782338,2.806345,3.100489
2021-01-15,3.107292,2.772067,2.741412,3.027637
2021-01-18,3.084509,2.79791,2.717686,3.001018
2021-01-19,3.011521,2.745532,2.650767,2.925938
2021-01-20,3.110873,2.785248,2.689752,2.969677
2021-01-21,3.234242,2.848861,2.726427,3.010825
2021-01-22,3.279518,2.869582,2.738852,3.024765
2021-01-25,3.392937,2.906325,2.857543,3.15793
2021-01-26,3.268855,2.838265,2.816198,3.111543
2021-01-27,3.271441,2.875037,2.750153,3.037444
2021-01-28,3.130844,2.781314,2.748904,3.036043
2021-01-29,3.122016,2.760375,2.784093,3.075523
2021-02-01,3.095863,2.78416,2.775527,3.065912
2021-02-02,3.271982,2.853358,2.820081,3.1159
2021-02-03,3.200362,2.847337,2.876161,3.178819
2021-02-04,3.15187,2.81989,3.039669,3.362267
2021-02-05,3.110599,2.829169,3.029866,3.351269
2021-02-08,3.150746,2.89072,3.099545,3.429445
2021-02-09,3.28056,2.961728,3.208971,3.552215
2021-02-10,3.434572,3.053364,3.389498,3.754758
2021-02-18,3.41096,3.026777,3.227164,3.572627
2021-02-19,3.285776,3.009144,3.213429,3.557216
2021-02-22,3.070535,2.894677,2.998673,3.316272
2021-02-23,3.002568,2.875496,3.022374,3.342863
2021-02-24,2.826701,2.790136,2.875025,3.177544
2021-02-25,2.799305,2.799215,2.826325,3.122905
2021-02-26,2.689507,2.723452,2.792334,3.08477
2021-03-01,2.794384,2.785397,2.836314,3.134113
2021-03-02,2.778827,2.766353,2.711442,2.994013
2021-03-03,2.783378,2.784428,2.813838,3.108895
2021-03-04,2.625068,2.663558,2.680224,2.958988
2021-03-05,2.661138,2.636238,2.714077,2.996969
2021-03-08,2.441964,2.511041,2.589068,2.856714
2021-03-09,2.339834,2.447178,2.560334,2.824477
2021-03-10,2.439288,2.48453,2.601567,2.870738
2021-03-11,2.513122,2.548371,2.698955,2.980003
2021-03-12,2.531757,2.566943,2.671483,2.94918
2021-03-15,2.376887,2.471121,2.60836,2.87836
2021-03-16,2.402675,2.492819,2.652128,2.927465
2021-03-17,2.432807,2.523711,2.676927,2.955289
2021-03-18,2.477945,2.548169,2.726052,3.010404
2021-03-19,2.381928,2.47665,2.651504,2.926764
2021-03-22,2.399155,2.489188,2.624451,2.89873
2021-03-23,2.350169,2.453787,2.624451,2.90715
2021-03-24,2.282536,2.404239,2.624451,2.897343
2021-03-25,2.289587,2.412738,2.624451,2.872125
2021-03-26,2.43902,2.478957,2.624451,2.930967
2021-03-29,2.413307,2.485617,2.624451,2.960529
2021-03-30,2.450616,2.52145,2.624451,2.991281
2021-03-31,2.399438,2.493284,2.624451,2.925363
2021-04-01,2.482447,2.543227,2.624451,2.975099
2021-04-02,2.574822,2.583752,2.624451,3.139717
2021-04-06,2.560392,2.575395,2.624451,3.089323
2021-04-07,2.48714,2.545551,2.624451,2.998216
2021-04-08,2.497023,2.551802,2.624451,3.010825
2021-04-09,2.425378,2.49965,2.624451,2.940775
2021-04-12,2.376592,2.461288,2.624451,2.925209
2021-04-13,2.390926,2.454679,2.624451,2.942175
2021-04-14,2.471905,2.484708,2.624451,2.978601
2021-04-15,2.43288,2.472036,2.624451,2.93461
2021-04-16,2.452533,2.480125,2.624451,2.989782
2021-04-19,2.577633,2.560447,2.624451,3.036043
2021-04-20,2.588514,2.564815,2.624451,3.04557
2021-04-21,2.604554,2.572474,2.624451,3.024835
2021-04-22,2.637404,2.573666,2.624451,2.99051
2021-04-23,2.670876,2.603686,2.624451,3.06538
2021-04-26,2.649836,2.569343,2.624451,3.021781
2021-04-27,2.6679,2.576582,2.624451,3.045065
2021-04-28,2.737333,2.617034,2.624451,2.971597
2021-04-29,2.760978,2.631118,2.624451,2.949685
2021-04-30,2.739431,2.625408,2.624451,2.922253
2021-05-06,2.727288,2.59078,2.624451,2.855313
2021-05-07,2.637779,2.537789,2.624451,2.776857
2021-05-10,2.665584,2.545221,2.624451,2.743275
2021-05-11,2.656197,2.557193,2.624451,2.855313
2021-05-12,2.677255,2.569963,2.624451,2.890338
2021-05-13,2.6187,2.532939,2.624451,2.872826
2021-05-14,2.660464,2.583359,2.624451,2.926554
2021-05-17,2.730102,2.638504,2.624451,2.993957
2021-05-18,2.729955,2.633852,2.624451,2.995848
2021-05-19,2.724001,2.645241,2.624451,2.981404
2021-05-20,2.746281,2.652963,2.624451,2.995245
2021-05-21,2.710226,2.630005,2.624451,2.971737
2021-05-24,2.668261,2.628045,2.624451,3.012632
2021-05-25,2.770813,2.703158,2.624451,3.18525
2021-05-26,2.738352,2.700283,2.624451,3.220975
2021-05-27,2.739793,2.702507,2.624451,3.256
2021-05-28,2.765879,2.703904,2.624451,3.234985
2021-05-31,2.816155,2.730348,2.622362,3.218173
2021-06-01,2.806391,2.738622,2.648456,3.250326
2021-06-02,2.797652,2.716332,2.62691,3.223777
2021-06-03,2.791724,2.692575,2.62716,3.224086
2021-06-04,2.825482,2.703976,2.660452,3.265107
2021-06-07,2.783326,2.692137,2.682624,3.292427
2021-06-08,2.736269,2.677554,2.591663,3.180346
2021-06-09,2.739492,2.685827,2.601327,3.192255
2021-06-10,2.796732,2.730052,2.645648,3.246866
2021-06-11,2.794255,2.728694,2.577802,3.163268
2021-06-15,2.793936,2.70916,2.593937,3.183148
2021-06-16,2.690856,2.626975,2.554141,3.134113
2021-06-17,2.736182,2.66325,2.552902,3.132586
2021-06-18,2.693582,2.665917,2.477893,3.040162
2021-06-21,2.621801,2.658251,2.467319,3.027132
2021-06-22,2.612549,2.677599,2.459735,3.017788
2021-06-23,2.626824,2.69993,2.417699,2.965992
2021-06-24,2.664297,2.719472,2.451867,3.008093
2021-06-25,2.68016,2.758153,2.501035,3.068676
2021-06-28,2.720353,2.78874,2.513553,3.084101
2021-06-29,2.752682,2.782248,2.466924,3.026646
2021-06-30,2.77277,2.8022,2.460898,3.019221
2021-07-01,2.714701,2.791439,2.515816,3.086889
2021-07-02,2.655804,2.70638,2.411211,2.957997
2021-07-05,2.755042,2.738089,2.389607,2.931378
2021-07-06,2.74621,2.7245,2.411097,2.957857
2021-07-07,2.847527,2.767536,2.400978,2.945388
2021-07-08,2.870858,2.758483,2.379374,2.918769
2021-07-09,2.865412,2.751501,2.364718,2.90071
2021-07-12,2.910508,2.782926,2.350214,2.885145
2021-07-13,2.937301,2.790653,2.350214,2.915827
2021-07-14,2.859129,2.753263,2.350214,2.886546
2021-07-15,2.906514,2.787359,2.350214,2.936968
2021-07-16,2.81518,2.738691,2.350214,2.878
2021-07-19,2.817238,2.756572,2.350214,2.904759
2021-07-20,2.837465,2.760309,2.350214,2.911764
2021-07-21,2.926042,2.80394,2.350214,2.896353
2021-07-22,2.885219,2.802025,2.350214,2.855738
2021-07-23,2.842723,2.776759,2.350214,2.799683
2021-07-26,2.717138,2.681002,2.350214,2.665341
2021-07-27,2.627128,2.601376,2.350214,2.537542
2021-07-28,2.69242,2.604402,2.350214,2.616012
2021-07-29,2.771289,2.670147,2.350214,2.589239
2021-07-30,2.741464,2.631762,2.350214,2.490048
2021-08-02,2.805661,2.719885,2.350214,2.596538
2021-08-03,2.807747,2.711836,2.350214,2.588552
2021-08-04,2.913887,2.772638,2.350214,2.553107
2021-08-05,2.904932,2.777846,2.350214,2.518082
2021-08-06,2.837981,2.754713,2.350214,2.478854
2021-08-09,2.759235,2.750409,2.350214,2.510797
2021-08-10,2.796236,2.772348,2.350214,2.658182
2021-08-11,2.75686,2.745031,2.350214,2.590233
2021-08-12,2.753507,2.732363,2.350214,2.505473
2021-08-13,2.716754,2.704785,2.350214,2.519539
2021-08-16,2.688914,2.698699,2.350214,2.518362
2021-08-17,2.617435,2.641128,2.350214,2.428417
2021-08-18,2.61993,2.651855,2.350214,2.407402
2021-08-19,2.662047,2.642031,2.350214,2.40736
2021-08-20,2.628151,2.578168,2.350214,2.30653
2021-08-23,2.716646,2.627772,2.350214,2.337618
2021-08-24,2.726932,2.652162,2.350214,2.41466
2021-08-25,2.778326,2.678048,2.350214,2.470476
2021-08-26,2.72743,2.632045,2.350214,2.372377
2021-08-27,2.768601,2.666708,2.350214,2.37382
2021-08-30,2.793899,2.679706,2.350214,2.359768
2021-08-31,2.800717,2.65679,2.350214,2.32054
2021-09-01,2.800734,2.672212,2.350214,2.410219
2021-09-02,2.798777,2.675516,2.350214,2.405721
2021-09-03,2.760462,2.647062,2.350214,2.460949
2021-09-06,2.842893,2.705646,2.350214,2.478391
2021-09-07,2.865899,2.72706,2.350214,2.476052
2021-09-08,2.887634,2.703545,2.350214,2.425756
2021-09-09,2.905277,2.716808,2.350214,2.427129
2021-09-10,2.868395,2.733947,2.350214,2.467057
2021-09-13,2.905434,2.725601,2.350214,2.455037
2021-09-14,2.928845,2.703722,2.350214,2.45924
2021-09-15,2.866356,2.673233,2.350214,2.401434
2021-09-16,2.767672,2.631661,2.350214,2.432719
2021-09-17,2.807096,2.672165,2.350214,2.499869
2021-09-22,2.762037,2.664375,2.350214,2.432186
2021-09-23,2.750772,2.678639,2.350214,2.428417
2021-09-24,2.777663,2.6839,2.350214,2.511077
2021-09-27,2.773036,2.701442,2.350214,2.736638
2021-09-28,2.732778,2.698138,2.350214,2.690489
2021-09-29,2.689139,2.679946,2.350214,2.687603
2021-09-30,2.746095,2.71222,2.350214,2.701613
2021-10-08,2.753291,2.728108,2.350214,2.715063
2021-10-11,2.766836,2.726071,2.350214,2.753618
2021-10-12,2.744639,2.70331,2.350214,2.75904
2021-10-13,2.821228,2.758717,2.350214,2.841573
2021-10-14,2.848907,2.757374,2.350214,2.815095
2021-10-15,2.915899,2.787329,2.348335,2.823458
2021-10-18,2.939744,2.759871,2.211979,2.659583
2021-10-19,2.916768,2.782148,2.226177,2.676647
2021-10-20,2.940511,2.782978,2.259774,2.717024
2021-10-21,2.907294,2.77407,2.263271,2.721227
2021-10-22,2.940078,2.796141,2.329718,2.801085
2021-10-25,3.019738,2.823174,2.297112,2.761898
2021-10-26,2.988924,2.808923,2.283147,2.745115
2021-10-27,3.003728,2.793026,2.234128,2.686202
2021-10-28,2.937453,2.772569,2.241693,2.695295
2021-10-29,3.021642,2.824105,2.242381,2.696121
2021-11-01,2.964932,2.80049,2.215476,2.663786
2021-11-02,2.940372,2.778222,2.217388,2.666084
2021-11-03,2.883479,2.748808,2.171178,2.610548
2021-11-04,2.960515,2.789616,2.216875,2.665467
2021-11-05,2.901127,2.762311,2.235223,2.687519
2021-11-08,2.944733,2.767637,2.23541,2.687743
2021-11-09,2.959913,2.768534,2.200333,2.645587
2021-11-10,2.895502,2.746837,2.158343,2.595123
2021-11-11,2.939748,2.779062,2.17654,2.616993
2021-11-12,2.924759,2.770412,2.181413,2.622849
2021-11-15,2.844885,2.752642,2.166678,2.60514
2021-11-16,2.825518,2.749836,2.221305,2.670791
2021-11-17,2.8679,2.758805,2.20615,2.652578
2021-11-18,2.85238,2.74204,2.202653,2.648375
2021-11-19,2.871493,2.772018,2.245097,2.699386
2021-11-22,2.995425,2.798723,2.275243,2.735616
2021-11-23,2.950952,2.788497,2.324391,2.794682
2021-11-24,2.891221,2.776238,2.376348,2.857125
2021-11-25,2.844935,2.7487,2.393869,2.878182
2021-11-26,2.862586,2.728102,2.376359,2.857139
2021-11-29,2.941551,2.732192,2.42764,2.918769
2021-11-30,2.961688,2.72134,2.364422,2.842793
2021-12-01,2.943441,2.715867,2.36701,2.845903
2021-12-02,2.966913,2.736438,2.368187,2.847318
2021-12-03,2.967864,2.759523,2.412346,2.900388
2021-12-06,2.911411,2.746838,2.407007,2.893971
2021-12-07,2.801943,2.752156,2.393682,2.877958
2021-12-08,2.845904,2.79634,2.495253,3.000027
2021-12-09,2.82521,2.826432,2.546021,3.061041
2021-12-10,2.827289,2.826293,2.550043,3.065874
2021-12-13,2.828808,2.844177,2.582916,3.105383
2021-12-14,2.824398,2.81973,2.619987,3.149935
2021-12-15,2.803408,2.797718,2.602501,3.128919
2021-12-16,2.816064,2.799197,2.583837,3.10649
2021-12-17,2.758963,2.747147,2.504229,3.010815
2021-12-20,2.653175,2.709956,2.513858,3.022387
2021-12-21,2.678194,2.730832,2.489657,2.993302
2021-12-22,2.70209,2.739846,2.501082,3.007032
2021-12-23,2.723065,2.762606,2.585015,3.107905
2021-12-24,2.680062,2.735219,2.671384,3.211705
2021-12-27,2.694076,2.74086,2.598794,3.124464
2021-12-28,2.678587,2.758721,2.606208,3.133375
2021-12-29,2.640379,2.726483,2.492921,2.997225
2021-12-30,2.706943,2.746279,2.532556,3.044859
2021-12-31,2.725515,2.77478,2.503413,3.009834
2022-01-04,2.722696,2.760642,2.504847,3.011557
2022-01-05,2.628857,2.70867,2.473104,2.973408
2022-01-06,2.636135,2.676839,2.424399,2.914874
2022-01-07,2.613569,2.673021,2.377513,2.858526
2022-01-10,2.612101,2.6825,2.405491,2.89215
2022-01-11,2.577517,2.640074,2.375823,2.856494
2022-01-12,2.601295,2.679234,2.406657,2.893551
2022-01-13,2.555502,2.629243,2.302195,2.768007
2022-01-14,2.540171,2.624175,2.290083,2.75345
2022-01-17,2.595481,2.656143,2.2838,2.745899
2022-01-18,2.637228,2.675497,2.319541,2.788854
2022-01-19,2.606047,2.649194,2.342541,2.816495
2022-01-20,2.594993,2.670629,2.409595,2.897081
2022-01-21,2.547267,2.642374,2.427628,2.918755
2022-01-24,2.602061,2.642046,2.387072,2.870014
2022-01-25,2.550165,2.581619,2.378679,2.859927
2022-01-26,2.551888,2.616475,2.392668,2.876739
2022-01-27,2.545744,2.561459,2.404325,2.890749
2022-01-28,2.553964,2.524253,2.313398,2.78147
2022-02-07,2.616221,2.561648,2.28937,2.754795
2022-02-08,2.677979,2.53617,2.28937,2.714222
2022-02-09,2.725287,2.569751,2.28937,2.794052
2022-02-10,2.79281,2.562469,2.28937,2.761857
2022-02-11,2.757376,2.528594,2.28937,2.729591
2022-02-14,2.677624,2.508964,2.28937,2.75579
2022-02-15,2.629304,2.544621,2.28937,2.786542
2022-02-16,2.664782,2.545958,2.28937,2.789246
2022-02-17,2.64191,2.553703,2.28937,2.781456
2022-02-18,2.692733,2.55802,2.28937,2.809491
2022-02-21,2.704518,2.546111,2.28937,2.767446
2022-02-22,2.657425,2.522385,2.28937,2.670609
2022-02-23,2.623574,2.557964,2.28937,2.697424
2022-02-24,2.570715,2.519825,2.28937,2.609301
2022-02-25,2.576086,2.538219,2.28937,2.658266
2022-02-28,2.572332,2.549825,2.28937,2.646133
2022-03-01,2.669758,2.585475,2.28937,2.741514
2022-03-02,2.663276,2.565842,2.28937,2.72246
2022-03-03,2.673722,2.54347,2.28937,2.659583
2022-03-04,2.668299,2.509294,2.28937,2.632264
2022-03-07,2.623884,2.435002,2.28937,2.52929
2022-03-08,2.551586,2.402754,2.28937,2.594016
2022-03-09,2.554464,2.397746,2.28937,2.630414
2022-03-10,2.58069,2.43954,2.28937,2.65178
2022-03-11,2.603082,2.441068,2.28937,2.616166
2022-03-14,2.469103,2.360012,2.28937,2.519483
2022-03-15,2.342702,2.262132,2.28937,2.383585
2022-03-16,2.442996,2.360645,2.28937,2.484388
2022-03-17,2.486689,2.405417,2.28937,2.547713
2022-03-18,2.554947,2.417275,2.28937,2.530396
2022-03-21,2.566736,2.422927,2.28937,2.525507
2022-03-22,2.594703,2.419655,2.28937,2.512478
2022-03-23,2.577643,2.422299,2.28937,2.592601
2022-03-24,2.569066,2.400655,2.28937,2.548806
2022-03-25,2.534383,2.351445,2.28937,2.505473
2022-03-28,2.54886,2.335826,2.28937,2.464563
2022-03-29,2.603223,2.333841,2.28937,2.47325
2022-03-30,2.650443,2.398475,2.28937,2.561653
2022-03-31,2.641043,2.367953,2.28937,2.546102
2022-04-01,2.684258,2.400233,2.28937,2.631577
2022-04-06,2.703324,2.37505,2.28937,2.610548
2022-04-07,2.609096,2.350389,2.28937,2.610548
2022-04-08,2.628602,2.356378,2.28937,2.637167
2022-04-11,2.637783,2.288031,2.28937,2.547503
2022-04-12,2.588962,2.335916,2.28937,2.634365
2022-04-13,2.590083,2.32869,2.28937,2.616152
2022-04-14,2.655478,2.366806,2.28937,2.672192
2022-04-15,2.676228,2.355576,2.28937,2.667975
2022-04-18,2.662402,2.363054,2.28937,2.646722
2022-04-19,2.702052,2.346712,2.28937,2.645993
2022-04-20,2.60653,2.300796,2.28937,2.65538
2022-04-21,2.57492,2.253348,2.28937,2.631535
2022-04-22,2.596588,2.260581,2.28937,2.621756
2022-04-25,2.517814,2.163226,2.28937,2.530691
2022-04-26,2.506987,2.159876,2.28937,2.564987
2022-04-27,2.518785,2.235055,2.28937,2.652466
2022-04-28,2.549888,2.250307,2.28937,2.708618
2022-04-29,2.544565,2.300661,2.28937,2.699344
2022-05-05,2.489406,2.291241,2.28937,2.71142
2022-05-06,2.402119,2.226605,2.28937,2.649776
2022-05-09,2.393932,2.213263,2.287578,2.592335
2022-05-10,2.414187,2.229897,2.304762,2.612215
2022-05-11,2.367545,2.277631,2.306953,2.614751
2022-05-12,2.345808,2.266291,2.300499,2.607284
2022-05-13,2.407017,2.291131,2.319354,2.629097
2022-05-16,2.428096,2.279707,2.294843,2.600741
2022-05-17,2.412715,2.323163,2.306953,2.614751
2022-05-18,2.391585,2.318228,2.298476,2.604944
2022-05-19,2.420759,2.336427,2.292421,2.597939
2022-05-20,2.424232,2.372845,2.345717,2.659597
2022-05-23,2.363196,2.353377,2.322696,2.632964
2022-05-24,2.348732,2.304595,2.297265,2.603543
2022-05-25,2.370823,2.325965,2.291828,2.597252
2022-05-26,2.38944,2.332111,2.276436,2.579446
2022-05-27,2.391065,2.336814,2.291404,2.596762
2022-05-30,2.35103,2.357608,2.31956,2.629335
2022-05-31,2.329607,2.396088,2.350586,2.665229
2022-06-01,2.341226,2.397191,2.331476,2.643121
2022-06-02,2.312819,2.410106,2.328751,2.639969
2022-06-06,2.282183,2.467115,2.331173,2.642771
2022-06-07,2.295788,2.473176,2.367382,2.684661
2022-06-08,2.306593,2.490736,2.425146,2.751489
2022-06-09,2.285433,2.467653,2.409888,2.733836
2022-06-10,2.293488,2.509905,2.467531,2.800524
2022-06-13,2.243309,2.482056,2.413521,2.738039
2022-06-14,2.268595,2.496104,2.431686,2.759054
2022-06-15,2.254307,2.509026,2.436651,2.764799
2022-06-16,2.200428,2.502984,2.438952,2.767461
2022-06-17,2.197018,2.529192,2.528565,2.871135
2022-06-20,2.147514,2.55119,2.51769,2.858554
2022-06-21,2.168715,2.546041,2.522195,2.863765
2022-06-22,2.157272,2.52536,2.5104,2.85012
2022-06-23,2.189889,2.568864,2.535952,2.879681
2022-06-24,2.174813,2.602342,2.598815,2.952407
2022-06-27,2.21111,2.63772,2.60068,2.954565
2022-06-28,2.251972,2.674185,2.631499,2.99022
2022-06-29,2.245518,2.615677,2.624233,2.981814
2022-06-30,2.234098,2.661044,2.668646,3.033196
2022-07-01,2.232877,2.646458,2.649331,3.01085
2022-07-04,2.245935,2.676308,2.63595,2.995369
2022-07-05,2.309367,2.674387,2.654127,3.016398
2022-07-06,2.213438,2.629023,2.616574,2.972953
2022-07-07,2.22227,2.648927,2.602042,2.956141
2022-07-08,2.211239,2.638436,2.612941,2.96875
2022-07-11,2.183204,2.59261,2.570072,2.919154
2022-07-12,2.176563,2.564411,2.551677,2.897873
2022-07-13,2.172269,2.578698,2.564368,2.912555
2022-07-14,2.176291,2.582727,2.557235,2.904304
2022-07-15,2.140509,2.554506,2.552997,2.8994
2022-07-18,2.193883,2.58065,2.555612,2.902426
2022-07-19,2.195573,2.556846,2.545246,2.890434
2022-07-20,2.194469,2.559653,2.553723,2.900241
2022-07-21,2.148356,2.532166,2.540281,2.884689
2022-07-22,2.152326,2.541339,2.549969,2.895897
2022-07-25,2.146056,2.520601,2.547123,2.892605
2022-07-26,2.178121,2.541029,2.553856,2.900395
2022-07-27,2.175993,2.529784,2.516788,2.85751
2022-07-28,2.167885,2.53164,2.490631,2.827248
2022-07-29,2.157776,2.50055,2.491164,2.827865
2022-08-01,2.179737,2.511597,2.481306,2.816461
2022-08-02,2.133121,2.459055,2.468809,2.802002
2022-08-03,2.093602,2.429422,2.474888,2.809035
2022-08-04,2.089381,2.445104,2.512441,2.85248
2022-08-05,2.079684,2.465989,2.522068,2.863618
2022-08-08,2.10384,2.463366,2.507015,2.846204
2022-08-09,2.146821,2.475244,2.505163,2.84406
2022-08-10,2.111415,2.446596,2.463989,2.796426
2022-08-11,2.127783,2.493395,2.501409,2.839717
2022-08-12,2.152657,2.492967,2.526961,2.869279
2022-08-15,2.182745,2.496135,2.517139,2.857916
2022-08-16,2.215179,2.497388,2.514657,2.855044
2022-08-17,2.239754,2.526727,2.514851,2.855268
2022-08-18,2.248722,2.510416,2.487603,2.823746
2022-08-19,2.26978,2.49898,2.48701,2.823059
2022-08-22,2.339655,2.522861,2.483813,2.821616
2022-08-23,2.32658,2.511763,2.483813,2.788034
2022-08-24,2.295879,2.466364,2.483813,2.765884
2022-08-25,2.365437,2.495967,2.483813,2.809035
2022-08-26,2.296509,2.492436,2.483813,2.827248
2022-08-29,2.32084,2.484709,2.483813,2.800377
2022-08-30,2.269691,2.470601,2.483813,2.78802
2022-08-31,2.195628,2.456946,2.483813,2.863674
2022-09-01,2.200197,2.437829,2.483813,2.803277
2022-09-02,2.206398,2.424906,2.483813,2.795025
2022-09-05,2.274537,2.420678,2.483813,2.738985
2022-09-06,2.329382,2.45556,2.483813,2.752995
2022-09-07,2.320187,2.452294,2.483813,2.715182
2022-09-08,2.306604,2.446949,2.483813,2.710965
2022-09-09,2.287601,2.468214,2.483813,2.752701
2022-09-13,2.276419,2.483795,2.483813,2.800629
2022-09-14,2.274648,2.45734,2.483813,2.786619
2022-09-15,2.234525,2.424463,2.483813,2.80203
2022-09-16,2.161441,2.368052,2.483813,2.772609
2022-09-19,2.197557,2.377652,2.483813,2.790318
2022-09-20,2.21341,2.382565,2.483813,2.799228
2022-09-21,2.240262,2.360362,2.483813,2.757198
2022-09-22,2.241875,2.339961,2.483813,2.719105
2022-09-23,2.200916,2.328615,2.483813,2.738186
2022-09-26,2.169515,2.324151,2.483813,2.778213
2022-09-27,2.170111,2.358842,2.483813,2.813238
2022-09-28,2.141486,2.320074,2.483813,2.806233
2022-09-29,2.136407,2.323156,2.483813,2.80252
2022-09-30,2.131256,2.302888,2.483813,2.791523
2022-10-10,2.135611,2.264031,2.483813,2.670336
2022-10-11,2.164416,2.27645,2.483813,2.661916
2022-10-12,2.175492,2.303942,2.483813,2.63391
2022-10-13,2.13883,2.279061,2.483813,2.549836
2022-10-14,2.140601,2.339531,2.483813,2.602541
2022-10-17,2.144941,2.334393,2.483813,2.575768
2022-10-18,2.124107,2.329471,2.483813,2.558017
2022-10-19,2.158931,2.295571,2.483813,2.476997
2022-10-20,2.113604,2.275586,2.483813,2.470693
2022-10-21,2.118068,2.272102,2.483813,2.443373
2022-10-24,2.061259,2.207759,2.483813,2.271442
2022-10-25,2.073653,2.213963,2.483813,2.241278
2022-10-26,2.034116,2.217013,2.483813,2.219325
2022-10-27,2.040121,2.204845,2.483813,2.130949
2022-10-28,2.020677,2.155678,2.483813,2.073508
2022-10-31,1.948279,2.135571,2.483813,2.059498
2022-11-01,1.932747,2.203839,2.483813,2.216425
2022-11-02,1.991065,2.231519,2.483813,2.230365
2022-11-03,1.966377,2.207883,2.483813,2.184888
2022-11-04,2.051901,2.281465,2.483813,2.292863
2022-11-07,2.056554,2.288214,2.483813,2.27961
2022-11-08,2.028414,2.267229,2.483813,2.248466
2022-11-09,1.999592,2.240521,2.483813,2.213468
2022-11-10,1.971521,2.223183,2.483813,2.234624
2022-11-11,1.982063,2.276635,2.483813,2.309087
2022-11-14,1.964852,2.264223,2.483813,2.315882
2022-11-15,1.976755,2.3004,2.483813,2.392937
2022-11-16,1.988051,2.28383,2.483813,2.389084
2022-11-17,1.972396,2.267402,2.483813,2.363516
2022-11-18,1.939399,2.260657,2.483813,2.363698
2022-11-21,1.946145,2.247838,2.483813,2.297641
2022-11-22,1.951816,2.243598,2.483813,2.325619
2022-11-23,1.945708,2.247946,2.483813,2.338298
2022-11-24,1.933617,2.236849,2.483813,2.297655
2022-11-25,1.930148,2.242703,2.483813,2.300485
2022-11-28,1.920946,2.224403,2.483813,2.283491
2022-11-29,1.937805,2.279627,2.483813,2.408348
2022-11-30,1.963857,2.288844,2.483813,2.408348
2022-12-01,1.957549,2.313968,2.483813,2.4529
2022-12-02,1.916461,2.297452,2.483813,2.457215
2022-12-05,1.935914,2.323084,2.483813,2.500674
2022-12-06,1.945515,2.341216,2.483813,2.533038
2022-12-07,1.934377,2.341757,2.483813,2.527434
2022-12-08,1.923129,2.343168,2.483813,2.531664
2022-12-09,1.912933,2.361807,2.483813,2.59188
2022-12-12,1.93137,2.335624,2.483813,2.604517
2022-12-13,1.913424,2.332069,2.483813,2.6199
2022-12-14,1.917244,2.339851,2.483813,2.649139
2022-12-15,1.913256,2.337142,2.483813,2.671723
2022-12-16,1.924711,2.336505,2.483813,2.671555
2022-12-19,1.875116,2.301375,2.48184,2.652123
2022-12-20,1.839662,2.266301,2.406258,2.570864
2022-12-21,1.841845,2.266945,2.437533,2.604489
2022-12-22,1.851551,2.265733,2.475324,2.645118
2022-12-23,1.875714,2.260375,2.479233,2.649321
2022-12-26,1.865126,2.2724,2.441521,2.608776
2022-12-27,1.862701,2.292224,2.458266,2.626779
2022-12-28,1.851534,2.27673,2.458266,2.626779
2022-12-29,1.836309,2.266637,2.440022,2.607165
2022-12-30,1.837858,2.273051,2.450447,2.618373
2023-01-03,1.863041,2.269193,2.454369,2.62259
2023-01-04,1.89119,2.261059,2.447854,2.615585
2023-01-05,1.934324,2.3046,2.546879,2.722047
2023-01-06,1.911557,2.317223,2.550488,2.725928
2023-01-09,1.959839,2.326372,2.599265,2.778367
2023-01-10,1.945702,2.336718,2.616531,2.796931
2023-01-11,1.953027,2.333759,2.604151,2.783621
2023-01-12,1.960191,2.340842,2.589882,2.76828
2023-01-13,1.977511,2.367868,2.658948,2.842533
2023-01-16,2.010759,2.405715,2.692699,2.878819
2023-01-17,1.994304,2.400405,2.686314,2.871954
2023-01-18,2.006478,2.395604,2.666767,2.850939
2023-01-19,2.012574,2.407384,2.6501,2.83302
2023-01-20,2.050915,2.425938,2.623776,2.80472
2023-01-30,2.015604,2.432353,2.660251,2.843934
2023-01-31,2.007428,2.421932,2.605207,2.784756
2023-02-01,2.030311,2.447539,2.604177,2.783649
2023-02-02,2.015039,2.438365,2.592631,2.771236
2023-02-03,2.003819,2.41118,2.569032,2.745864
2023-02-06,1.96074,2.379511,2.53906,2.713641
2023-02-07,1.969113,2.383981,2.541666,2.716443
2023-02-08,1.951968,2.373322,2.524726,2.69823
2023-02-09,1.963601,2.40265,2.569032,2.745864
2023-02-10,1.958727,2.388577,2.558607,2.734656
2023-02-13,1.975305,2.412711,2.619007,2.799592
2023-02-14,1.976178,2.416836,2.60264,2.781996
2023-02-15,1.993026,2.404046,2.599004,2.778087
2023-02-16,1.995795,2.388641,2.626135,2.807256
2023-02-17,1.95324,2.356896,2.572655,2.749759
2023-02-20,2.028607,2.404408,2.64331,2.825721
2023-02-21,2.051116,2.418369,2.632885,2.814513
2023-02-22,2.032459,2.401566,2.592488,2.771082
2023-02-23,2.003559,2.407336,2.569032,2.745864
2023-02-24,1.985566,2.377713,2.529938,2.703834
2023-02-27,1.994849,2.368069,2.559141,2.73523
2023-02-28,2.022531,2.377808,2.563481,2.739896
2023-03-01,2.093777,2.406902,2.595785,2.774627
2023-03-02,2.095476,2.395152,2.582063,2.759874
2023-03-03,2.093287,2.401354,2.569084,2.74592
2023-03-06,2.097959,2.396084,2.55488,2.730649
2023-03-07,2.048934,2.357894,2.530329,2.704254
2023-03-08,2.050789,2.347999,2.507029,2.679204
2023-03-09,2.053123,2.33635,2.506508,2.678644
2023-03-10,2.025115,2.303841,2.480419,2.650596
2023-03-13,2.090761,2.325755,2.496057,2.667408
2023-03-14,2.084641,2.313818,2.501269,2.673012
2023-03-15,2.077701,2.315657,2.481618,2.651885
2023-03-16,2.031612,2.285541,2.483012,2.653384
2023-03-17,2.115821,2.283419,2.468031,2.639388
2023-03-20,2.07799,2.271873,2.468031,2.622015
2023-03-21,2.073019,2.297983,2.468031,2.685621
2023-03-22,2.112184,2.300219,2.468031,2.683309
2023-03-23,2.175588,2.315661,2.468031,2.685425
2023-03-24,2.115649,2.312506,2.468031,2.690692
2023-03-27,2.085368,2.303771,2.468031,2.675519
2023-03-28,2.098612,2.298866,2.468031,2.695148
2023-03-29,2.073748,2.29891,2.468031,2.706636
2023-03-30,2.022557,2.32089,2.468031,2.720646
2023-03-31,2.056674,2.318456,2.468031,2.748666
2023-04-03,2.056271,2.327471,2.468031,2.723546
2023-04-04,2.129031,2.33028,2.468031,2.741087
2023-04-06,2.147193,2.32596,2.468031,2.716387
2023-04-07,2.184395,2.337485,2.468031,2.708023
2023-04-10,2.178441,2.339872,2.468031,2.680997
2023-04-11,2.182328,2.334631,2.468031,2.644291
2023-04-12,2.262289,2.329716,2.468031,2.572279
2023-04-13,2.201804,2.316388,2.468031,2.612769
2023-04-14,2.220969,2.325701,2.468031,2.599347
2023-04-17,2.225176,2.354156,2.468031,2.654799
2023-04-18,2.246331,2.359942,2.468031,2.661804
2023-04-19,2.21286,2.339948,2.468031,2.663205
2023-04-20,2.231584,2.320386,2.468031,2.63922
2023-04-21,2.166978,2.286668,2.468031,2.616229
2023-04-24,2.153986,2.259013,2.468031,2.587551
2023-04-25,2.130938,2.24515,2.468031,2.623108
2023-04-26,2.070032,2.25381,2.468031,2.642063
2023-04-27,2.091276,2.270301,2.468031,2.661692
2023-04-28,2.125399,2.283285,2.468031,2.665334
2023-05-04,2.111761,2.264288,2.468031,2.650456
2023-05-05,2.089635,2.255227,2.468031,2.650596
2023-05-08,2.112668,2.26243,2.468031,2.609294
2023-05-09,2.055816,2.25789,2.468031,2.611368
2023-05-10,2.03469,2.253966,2.468031,2.615571
2023-05-11,2.004664,2.254089,2.468031,2.604461
2023-05-12,1.949509,2.228073,2.468031,2.589512
2023-05-15,1.951571,2.249913,2.468031,2.603382
2023-05-16,1.943402,2.241657,2.468031,2.585155
2023-05-17,1.924533,2.234547,2.468031,2.581947
2023-05-18,1.955822,2.219454,2.468031,2.567936
2023-05-19,1.933571,2.220521,2.468031,2.579845
2023-05-22,1.913231,2.231916,2.468031,2.644992
2023-05-23,1.878279,2.203141,2.468031,2.61494
2023-05-24,1.846921,2.184416,2.468031,2.595816
2023-05-25,1.854693,2.171988,2.468031,2.581947
2023-05-26,1.871287,2.163725,2.468031,2.56732
2023-05-29,1.908543,2.1475,2.468031,2.565135
2023-05-30,1.945829,2.146209,2.468031,2.53612
2023-05-31,1.943842,2.124568,2.468031,2.480934
2023-06-01,1.968555,2.128235,2.468031,2.490769
2023-06-02,1.956226,2.158065,2.468031,2.539356
2023-06-05,1.956574,2.139872,2.468031,2.53151
2023-06-06,1.945757,2.122611,2.468031,2.534298
2023-06-07,1.951097,2.110029,2.468031,2.511756
2023-06-08,1.983735,2.125841,2.468031,2.535713
2023-06-09,2.007764,2.134272,2.468031,2.532911
2023-06-12,1.984288,2.137199,2.468031,2.574941
2023-06-13,1.977953,2.146153,2.468031,2.579144
2023-06-14,1.964109,2.150931,2.468031,2.618205
2023-06-15,1.971114,2.194399,2.468031,2.657601
2023-06-16,1.996587,2.21355,2.468031,2.71741
2023-06-19,1.999927,2.201526,2.468031,2.64219
2023-06-20,2.02997,2.198142,2.468031,2.641433
2023-06-21,2.009808,2.17354,2.468031,2.630743
2023-06-26,1.990352,2.154178,2.468031,2.593155
2023-06-27,2.023758,2.169097,2.468031,2.596027
2023-06-28,2.004442,2.17243,2.468031,2.620306
2023-06-29,2.041386,2.161531,2.468031,2.599753
2023-06-30,2.05125,2.170695,2.468031,2.604238
2023-07-03,2.060521,2.203141,2.468031,2.650611
2023-07-04,2.08489,2.205966,2.468031,2.659718
2023-07-05,2.078143,2.186124,2.468031,2.638394
2023-07-06,2.074292,2.178872,2.468031,2.621022
2023-07-07,2.076028,2.17261,2.46607,2.602879
2023-07-10,2.0666,2.19523,2.480417,2.618108
2023-07-11,2.097489,2.20701,2.492427,2.630857
2023-07-12,2.056685,2.202259,2.497442,2.636181
2023-07-13,2.081125,2.230293,2.52991,2.670646
2023-07-14,2.089179,2.224121,2.54918,2.6911
2023-07-17,2.069494,2.212699,2.518784,2.658835
2023-07-18,2.058298,2.21272,2.509321,2.64879
2023-07-19,2.057457,2.210588,2.509585,2.64907
2023-07-20,2.012467,2.200273,2.510905,2.650471
2023-07-21,2.002865,2.198356,2.573332,2.716739
2023-07-24,2.019866,2.186019,2.573135,2.716528
2023-07-25,2.048512,2.244814,2.648893,2.796946
2023-07-26,2.013992,2.242016,2.648893,2.796946
2023-07-27,2.001289,2.239867,2.661405,2.810228
2023-07-28,2.029789,2.28442,2.739235,2.892845
2023-07-31,2.051902,2.300649,2.717563,2.86984
2023-08-01,2.066317,2.289988,2.728676,2.881637
2023-08-02,2.061846,2.282819,2.716798,2.869028
2023-08-03,2.069024,2.303941,2.714778,2.866884
2023-08-04,2.062491,2.303431,2.734576,2.887899
2023-08-07,2.019041,2.286584,2.727264,2.880138
2023-08-08,2.027157,2.281569,2.729996,2.883038
2023-08-09,2.021835,2.275518,2.730365,2.88343
2023-08-10,2.019121,2.280328,2.710198,2.862023
2023-08-11,1.975652,2.235751,2.656086,2.804581
2023-08-14,2.001576,2.217615,2.615171,2.76115
2023-08-15,1.972988,2.205908,2.628343,2.775132
2023-08-16,1.929825,2.192904,2.637608,2.784967
2023-08-17,1.936854,2.20523,2.648233,2.796246
2023-08-18,1.915458,2.180984,2.61463,2.760576
2023-08-21,1.911779,2.152964,2.599333,2.744338
2023-08-22,1.945647,2.164588,2.595374,2.740135
2023-08-23,1.919446,2.133347,2.576896,2.720521
2023-08-24,1.873989,2.15159,2.632725,2.779784
2023-08-25,1.871949,2.153093,2.644181,2.791944
2023-08-28,1.873564,2.179273,2.657366,2.80594
2023-08-29,1.873953,2.199701,2.678958,2.828861
2023-08-30,1.864985,2.193538,2.685122,2.835404
2023-08-31,1.877609,2.182521,2.673243,2.822795
2023-09-01,1.872438,2.201317,2.678589,2.828469
2023-09-04,1.890031,2.236272,2.69832,2.849413
2023-09-05,1.879247,2.222996,2.688685,2.839186
2023-09-06,1.863971,2.214572,2.691721,2.842409
2023-09-07,1.852628,2.187087,2.661365,2.810185
2023-09-08,1.85087,2.176675,2.635628,2.782866
2023-09-11,1.870128,2.193666,2.640472,2.788007
2023-09-12,1.869861,2.191766,2.637555,2.784911
2023-09-13,1.860017,2.181853,2.637489,2.784841
2023-09-14,1.877153,2.179405,2.635879,2.783132
2023-09-15,1.852329,2.168656,2.587441,2.731715
2023-09-18,1.855878,2.18121,2.64975,2.797857
2023-09-19,1.857809,2.176075,2.646768,2.79469
2023-09-20,1.856176,2.165631,2.642887,2.790571
2023-09-21,1.844956,2.143118,2.609087,2.754692
2023-09-22,1.858228,2.17662,2.675883,2.825596
2023-09-25,1.84901,2.164598,2.653947,2.802312
2023-09-26,1.845929,2.150822,2.632329,2.779363
2023-09-27,1.842099,2.153888,2.629689,2.776561
2023-09-28,1.831637,2.143041,2.609298,2.754916
2023-10-09,1.844224,2.139158,2.580855,2.724724
2023-10-10,1.831743,2.128773,2.571617,2.714917
2023-10-11,1.826973,2.129958,2.582835,2.726826
2023-10-12,1.837918,2.147909,2.590672,2.737333
2023-10-13,1.835151,2.126651,2.590672,2.688298
2023-10-16,1.848582,2.111601,2.590672,2.658737
2023-10-17,1.866821,2.119692,2.590672,2.653273
2023-10-18,1.859541,2.114838,2.590672,2.656075
2023-10-19,1.831147,2.071504,2.590672,2.518777
2023-10-20,1.819527,2.058962,2.590672,2.539792
2023-10-23,1.801301,2.045069,2.590672,2.538363
2023-10-24,1.812548,2.053919,2.590672,2.53692
2023-10-25,1.793319,2.071269,2.590672,2.585324
2023-10-26,1.812232,2.069721,2.590672,2.577941
2023-10-27,1.802501,2.09566,2.590672,2.584218
2023-10-30,1.809648,2.121456,2.590672,2.590228
2023-10-31,1.816049,2.110345,2.590672,2.595243
2023-11-01,1.831266,2.103191,2.590672,2.730314
2023-11-02,1.831537,2.089194,2.590672,2.728227
2023-11-03,1.827595,2.103629,2.590672,2.772695
2023-11-06,1.800666,2.124219,2.590672,2.773759
2023-11-07,1.806297,2.116532,2.590672,2.744577
2023-11-08,1.804307,2.111305,2.590672,2.754622
2023-11-09,1.815039,2.115383,2.590672,2.748695
2023-11-10,1.810929,2.101517,2.590672,2.723099
2023-11-13,1.799311,2.096836,2.590672,2.706511
2023-11-14,1.800284,2.096746,2.590672,2.708291
2023-11-15,1.807821,2.110467,2.590672,2.719022
2023-11-16,1.80694,2.09281,2.590672,2.700977
2023-11-17,1.803727,2.08721,2.590672,2.691689
2023-11-20,1.804753,2.087194,2.590672,2.70441
2023-11-21,1.802993,2.093207,2.590672,2.742937
2023-11-22,1.792077,2.076662,2.590672,2.731043
2023-11-23,1.795665,2.083103,2.590672,2.737333
2023-11-24,1.794087,2.071271,2.590672,2.724724
2023-11-27,1.809537,2.058783,2.590672,2.70511
2023-11-28,1.798598,2.054767,2.590672,2.713572
2023-11-29,1.827345,2.045439,2.588601,2.721516
2023-11-30,1.835755,2.048049,2.610985,2.745039
2023-12-01,1.82726,2.037753,2.569363,2.701299
2023-12-04,1.81752,2.030027,2.556605,2.687892
2023-12-05,1.778511,1.997032,2.500999,2.629456
2023-12-06,1.777401,2.003819,2.491006,2.62105
2023-12-07,1.770345,1.999017,2.491006,2.616847
2023-12-08,1.805048,2.007863,2.491006,2.62374
2023-12-11,1.801505,2.015328,2.491006,2.614045
2023-12-12,1.821655,2.023019,2.491006,2.630843
2023-12-13,1.800546,1.990591,2.491006,2.560807
2023-12-14,1.792103,1.981096,2.491006,2.527042
2023-12-15,1.800271,1.979919,2.491006,2.539792
2023-12-18,1.799185,1.973261,2.491006,2.563609
2023-12-19,1.816519,1.97604,2.491006,2.581822
2023-12-20,1.81796,1.964628,2.491006,2.57327
2023-12-21,1.820412,1.986455,2.491006,2.601584
2023-12-22,1.826854,1.99439,2.491006,2.602495
2023-12-25,1.845577,2.002576,2.491006,2.604386
2023-12-26,1.828279,1.99006,2.491006,2.601584
2023-12-27,1.842411,1.995543,2.491006,2.597465
2023-12-28,1.836396,2.036864,2.491006,2.678626
2023-12-29,1.851224,2.039584,2.491006,2.680041
2024-01-02,1.855908,2.016801,2.491006,2.622613
2024-01-03,1.843547,2.011541,2.491006,2.635209
2024-01-04,1.846488,1.996038,2.491006,2.600183
2024-01-05,1.841865,1.985282,2.491006,2.592282
2024-01-08,1.814604,1.96053,2.491006,2.565144
2024-01-09,1.818717,1.966733,2.491006,2.560955
2024-01-10,1.808092,1.960437,2.491006,2.561656
2024-01-11,1.80032,1.968755,2.491006,2.568759
2024-01-12,1.804806,1.967493,2.491006,2.563841
2024-01-15,1.81156,1.960655,2.491006,2.559554
2024-01-16,1.795522,1.967411,2.491006,2.558756
2024-01-17,1.763722,1.925751,2.491006,2.471291
2024-01-18,1.780199,1.956821,2.491006,2.518743
2024-01-19,1.773261,1.951254,2.491006,2.552549
2024-01-22,1.751502,1.924618,2.491006,2.562356
2024-01-23,1.766392,1.931232,2.491006,2.530133
2024-01-24,1.800718,1.952047,2.491006,2.53994
2024-01-25,1.82285,1.983568,2.491006,2.556752
2024-01-26,1.836423,1.980021,2.491006,2.5558
2024-01-29,1.838895,1.960366,2.491006,2.573564
2024-01-30,1.835698,1.933326,2.491006,2.521727
2024-01-31,1.852627,1.919641,2.491006,2.510393
2024-02-01,1.837641,1.924275,2.491006,2.517566
2024-02-02,1.852791,1.908032,2.491006,2.49791
2024-02-05,1.875635,1.922642,2.491006,2.545558
2024-02-06,1.874227,1.98151,2.491006,2.60999
2024-02-07,1.868693,2.000736,2.491006,2.659012
2024-02-08,1.864168,2.013437,2.491006,2.652021
2024-02-19,1.926262,2.023939,2.491006,2.637212
2024-02-20,1.94551,2.023623,2.491006,2.601584
2024-02-21,1.929993,2.047158,2.491006,2.668356
2024-02-22,1.969882,2.060756,2.491006,2.669365
2024-02-23,1.967186,2.058177,2.491006,2.663355
2024-02-26,1.925461,2.040852,2.491006,2.636581
2024-02-27,1.921018,2.058905,2.491006,2.628904
2024-02-28,1.91934,2.038278,2.491006,2.617766
2024-02-29,1.924707,2.072773,2.491006,2.63661
2024-03-01,1.916144,2.079473,2.489023,2.622684
2024-03-04,1.963557,2.082935,2.477423,2.610411
2024-03-05,1.976714,2.09787,2.502318,2.63675
2024-03-06,1.98609,2.094019,2.483051,2.616365
2024-03-07,2.001343,2.083105,2.487129,2.62068
2024-03-08,2.005666,2.086798,2.470974,2.603588
2024-03-11,1.960833,2.116104,2.50151,2.635895
2024-03-12,1.910387,2.127949,2.568398,2.70666
2024-03-13,1.900563,2.114876,2.545157,2.682072
2024-03-14,1.910889,2.111128,2.530829,2.666913
2024-03-15,1.898489,2.11134,2.531968,2.668118
2024-03-18,1.900159,2.12923,2.519745,2.655187
2024-03-19,1.897213,2.123159,2.519427,2.654851
2024-03-20,1.903719,2.126096,2.52152,2.657064
2024-03-21,1.905391,2.126318,2.520725,2.656223
2024-03-22,1.91329,2.110402,2.510595,2.645506
2024-03-25,1.93095,2.104598,2.494254,2.628217
2024-03-26,1.924241,2.115495,2.521109,2.65663
2024-03-27,1.927862,2.093541,2.510131,2.645015
2024-03-28,1.935581,2.099739,2.510979,2.645912
2024-03-29,1.980154,2.110509,2.512647,2.647677
2024-04-01,1.959602,2.139217,2.537053,2.673498
2024-04-02,1.978916,2.132966,2.527333,2.663215
2024-04-03,1.99911,2.131416,2.528816,2.664784
2024-04-08,2.014863,2.114378,2.464657,2.596905
2024-04-09,1.991511,2.11293,2.458777,2.590684
2024-04-10,2.03106,2.107261,2.43992,2.570734
2024-04-11,2.033593,2.107788,2.439947,2.570762
2024-04-12,2.06035,2.091431,2.421448,2.55119
2024-04-15,2.097665,2.133119,2.473026,2.605759
2024-04-16,2.078866,2.11436,2.46908,2.601584
2024-04-17,2.099463,2.136882,2.465107,2.597381
2024-04-18,2.092222,2.134118,2.470113,2.602677
2024-04-19,2.108369,2.119841,2.438146,2.568857
2024-04-22,2.065795,2.121605,2.475781,2.608673
2024-04-23,2.015958,2.109227,2.498584,2.632799
2024-04-24,2.042449,2.112862,2.500332,2.634648
2024-04-25,2.032085,2.116498,2.49959,2.633863
2024-04-26,2.047891,2.148322,2.519287,2.656826
2024-04-29,1.995457,2.166745,2.519287,2.649218
2024-04-30,2.027264,2.163137,2.519287,2.650619
2024-05-06,2.032349,2.192908,2.519287,2.727955
2024-05-07,2.025252,2.196791,2.519287,2.741685
2024-05-08,2.066622,2.18532,2.519287,2.733237
2024-05-09,2.077597,2.205505,2.519287,2.722071
2024-05-10,2.095061,2.20734,2.519287,2.698226
2024-05-13,2.112115,2.210251,2.517306,2.652021
2024-05-14,2.116781,2.211343,2.512045,2.646388
2024-05-15,2.121241,2.195625,2.509453,2.643614
2024-05-16,2.089775,2.195865,2.515342,2.649919
2024-05-17,2.109907,2.21255,2.529084,2.66463
2024-05-20,2.164636,2.223758,2.521232,2.656223
2024-05-21,2.15093,2.214082,2.515997,2.650619
2024-05-22,2.133232,2.221247,2.506457,2.640406
2024-05-23,2.116523,2.200328,2.498997,2.632421
2024-05-24,2.126954,2.18062,2.479459,2.611504
2024-05-27,2.164088,2.192737,2.470351,2.601753
2024-05-28,2.174315,2.180955,2.463179,2.594075
2024-05-29,2.1831,2.192066,2.475428,2.607188
2024-05-30,2.139834,2.183375,2.442711,2.572163
2024-05-31,2.128746,2.170037,2.441992,2.571393
2024-06-03,2.160977,2.1897,2.430135,2.5587
2024-06-04,2.15451,2.19964,2.448208,2.578048
2024-06-05,2.141154,2.19546,2.434252,2.565158
2024-06-06,2.172168,2.193388,2.434252,2.559288
2024-06-07,2.212012,2.184042,2.434252,2.530385
2024-06-11,2.158752,2.166037,2.434252,2.460083
2024-06-12,2.190876,2.168726,2.434252,2.463838
2024-06-13,2.181313,2.157124,2.434252,2.440483
2024-06-14,2.144015,2.166299,2.434252,2.440469
2024-06-17,2.129647,2.166742,2.434252,2.421555
2024-06-18,2.134711,2.168088,2.434252,2.393535
2024-06-19,2.143823,2.160217,2.434252,2.408072
2024-06-20,2.181854,2.151116,2.434252,2.406811
2024-06-21,2.170019,2.146581,2.434252,2.366042
2024-06-24,2.178,2.141697,2.434252,2.373818
2024-06-25,2.163705,2.131754,2.434252,2.387968
2024-06-26,2.154482,2.134931,2.434252,2.391568
2024-06-27,2.13446,2.117995,2.434252,2.393348
2024-06-28,2.187587,2.12204,2.434252,2.360984
2024-07-01,2.244949,2.130204,2.434252,2.323143
2024-07-02,2.24027,2.12006,2.434252,2.393642
2024-07-03,2.234719,2.113686,2.434252,2.406671
2024-07-04,2.249137,2.107956,2.434252,2.386693
2024-07-05,2.258309,2.103688,2.434252,2.340824
2024-07-08,2.266483,2.096475,2.434252,2.294591
2024-07-09,2.282354,2.111557,2.434252,2.319851
2024-07-10,2.232799,2.105664,2.434252,2.319234
2024-07-11,2.258952,2.136901,2.434252,2.353559
2024-07-12,2.220022,2.141298,2.434252,2.376998
2024-07-15,2.236554,2.144887,2.434252,2.371506
2024-07-16,2.264163,2.157509,2.434252,2.373047
2024-07-17,2.222177,2.158431,2.434252,2.408633
2024-07-18,2.251805,2.170924,2.434252,2.403183
2024-07-19,2.254683,2.180796,2.434252,2.442565
2024-07-22,2.230122,2.163251,2.434252,2.40527
2024-07-23,2.223057,2.119699,2.434252,2.343626
2024-07-24,2.260807,2.107787,2.434252,2.322639
2024-07-25,2.182905,2.095301,2.434252,2.309287
2024-07-26,2.186197,2.108529,2.434252,2.297659
2024-07-29,2.191212,2.09026,2.434252,2.263797
2024-07-30,2.159574,2.074264,2.434252,2.238537
2024-07-31,2.152438,2.108035,2.434252,2.296384
2024-08-01,2.176547,2.091816,2.434252,2.247181
2024-08-02,2.150023,2.076099,2.434252,2.246186
2024-08-05,2.115041,2.059541,2.434252,2.280595
2024-08-06,2.112609,2.062424,2.434252,2.273155
2024-08-07,2.123872,2.064121,2.434252,2.288286
2024-08-08,2.092574,2.062972,2.434252,2.309568
2024-08-09,2.095354,2.058834,2.434252,2.318128
2024-08-12,2.090875,2.059123,2.434252,2.317147
2024-08-13,2.112765,2.061202,2.434252,2.298808
2024-08-14,2.121441,2.050642,2.434252,2.285204
2024-08-15,2.143726,2.068452,2.434252,2.304244
2024-08-16,2.129416,2.06745,2.434252,2.310282
2024-08-19,2.162509,2.06912,2.434252,2.302212
2024-08-20,2.152741,2.057479,2.434252,2.298401
2024-08-21,2.145537,2.052506,2.434252,2.2912
2024-08-22,2.173368,2.051369,2.434252,2.280651
2024-08-23,2.159064,2.052224,2.434252,2.287572
2024-08-26,2.133717,2.045069,2.434252,2.283383
2024-08-27,2.10798,2.034304,2.434252,2.272273
2024-08-28,2.113869,2.019971,2.434252,2.25116
2024-08-29,2.08872,2.016128,2.434252,2.285204
2024-08-30,2.131422,2.054839,2.434252,2.32708
2024-09-02,2.102873,2.019104,2.434252,2.259566
2024-09-03,2.082658,2.030534,2.434252,2.280581
2024-09-04,2.055923,2.020822,2.434252,2.266571
2024-09-05,2.055258,2.02272,2.434252,2.273408
2024-09-06,2.035113,2.00215,2.434252,2.263769
2024-09-09,2.019377,1.981935,2.434252,2.231546
2024-09-10,2.026803,1.97979,2.434252,2.235749
2024-09-11,2.002821,1.978109,2.434252,2.238551
2024-09-12,2.012512,1.969993,2.434252,2.175589
2024-09-13,2.022779,1.962367,2.434252,2.132257
2024-09-18,2.027324,1.968559,2.434252,2.080097
2024-09-19,2.026327,1.982377,2.434252,2.071831
2024-09-20,2.051503,1.981814,2.434252,2.075922
2024-09-23,2.052713,1.985193,2.434252,2.072588
2024-09-24,2.12635,2.056673,2.434252,2.228183
2024-09-25,2.14462,2.079544,2.434252,2.26517
2024-09-26,2.170426,2.154456,2.434252,2.4473
2024-09-27,2.223387,2.257493,2.434252,2.587681
2024-09-30,2.349801,2.41574,2.434252,2.75412
2024-10-08,2.384763,2.520113,2.434252,2.719095
2024-10-09,2.258563,2.360237,2.434252,2.539977
2024-10-10,2.180676,2.379636,2.434252,2.602812
2024-10-11,2.132193,2.320394,2.432341,2.553762
2024-10-14,2.168242,2.355868,2.428409,2.54956
2024-10-15,2.108965,2.300851,2.365827,2.482675
2024-10-16,2.073091,2.282807,2.324207,2.438194
2024-10-17,2.052126,2.246508,2.287634,2.399106
2024-10-18,2.208488,2.316984,2.348458,2.464112
2024-10-21,2.213232,2.333616,2.332466,2.44702
2024-10-22,2.222464,2.350758,2.35108,2.466914
2024-10-23,2.214725,2.366699,2.383197,2.501239
2024-10-24,2.17939,2.338442,2.36314,2.479803
2024-10-25,2.21466,2.360382,2.371857,2.48912
2024-10-28,2.207852,2.372155,2.379919,2.497736
2024-10-29,2.18583,2.350023,2.336162,2.450971
2024-10-30,2.16667,2.333047,2.336661,2.451503
2024-10-31,2.179606,2.335508,2.331142,2.445605
2024-11-01,2.169644,2.342159,2.338955,2.453955
2024-11-04,2.257083,2.37396,2.357897,2.474199
2024-11-05,2.345118,2.423072,2.395637,2.514534
2024-11-06,2.298005,2.395124,2.387785,2.506142
2024-11-07,2.37878,2.45137,2.490216,2.615617
2024-11-08,2.358708,2.427933,2.43887,2.56074
2024-11-11,2.366236,2.4349,2.423191,2.543983
2024-11-12,2.344605,2.418324,2.395912,2.514829
2024-11-13,2.328933,2.428348,2.397616,2.51665
2024-11-14,2.273042,2.388413,2.391455,2.510065
2024-11-15,2.195348,2.349075,2.372054,2.48933
2024-11-18,2.176543,2.340683,2.372054,2.48933
2024-11-19,2.207888,2.348771,2.349664,2.465401
2024-11-20,2.217022,2.350802,2.353453,2.46945
2024-11-21,2.230499,2.351605,2.353872,2.469898
2024-11-22,2.144356,2.284302,2.304964,2.417627
2024-11-25,2.115222,2.272992,2.292838,2.404668
2024-11-26,2.110685,2.273092,2.30651,2.41928
2024-11-27,2.169196,2.305869,2.319685,2.43336
2024-11-28,2.140105,2.284046,2.318308,2.431889
2024-11-29,2.182647,2.305938,2.328455,2.442733
2024-12-02,2.225298,2.322335,2.327484,2.441696
2024-12-03,2.211059,2.326452,2.329765,2.444134
2024-12-04,2.186098,2.312551,2.32093,2.434691
2024-12-05,2.187099,2.304148,2.309132,2.422082
2024-12-06,2.232318,2.323751,2.322254,2.436106
2024-12-09,2.223149,2.318083,2.319357,2.43301
2024-12-10,2.254869,2.332911,2.355786,2.471944
2024-12-11,2.241412,2.336083,2.34138,2.456547
2024-12-12,2.265815,2.35761,2.380968,2.498857
2024-12-13,2.19557,2.300566,2.319619,2.43329
2024-12-16,2.167806,2.285927,2.330368,2.444778
2024-12-17,2.187813,2.297715,2.368882,2.487929
2024-12-18,2.180701,2.30368,2.368882,2.506843
2024-12-19,2.196167,2.301329,2.368882,2.478136
2024-12-20,2.186805,2.281628,2.368882,2.470952
2024-12-23,2.173716,2.284033,2.368882,2.477186
2024-12-24,2.206831,2.309193,2.368882,2.494517
2024-12-25,2.197607,2.305953,2.368882,2.48216
2024-12-26,2.197501,2.299779,2.368882,2.479064
2024-12-27,2.196658,2.301734,2.368882,2.480717
2024-12-30,2.224743,2.310017,2.368882,2.475155
2024-12-31,2.168026,2.287135,2.368882,2.473754
2025-01-02,2.07604,2.229134,2.368882,2.423318
2025-01-03,2.046389,2.208,2.368882,2.405105
2025-01-06,2.03701,2.199331,2.368882,2.35607
2025-01-07,2.033636,2.204242,2.368882,2.35635
2025-01-08,2.006722,2.193469,2.368882,2.359572
2025-01-09,2.040138,2.190646,2.368882,2.361674
2025-01-10,2.011179,2.163325,2.368882,2.350466
2025-01-13,2.031624,2.164791,2.368882,2.361646
2025-01-14,2.131479,2.219813,2.368882,2.401602
2025-01-15,2.099529,2.20568,2.368882,2.399879
2025-01-16,2.079365,2.206073,2.368882,2.365008
2025-01-17,2.095651,2.210947,2.368882,2.376734
2025-01-20,2.129356,2.224326,2.368882,2.404825
2025-01-21,2.162629,2.22253,2.368882,2.395508
2025-01-22,2.142026,2.199409,2.368882,2.357471
2025-01-23,2.122731,2.197261,2.368882,2.360273
2025-01-24,2.16113,2.213328,2.368882,2.350466
2025-01-27,2.099081,2.206594,2.368882,2.349051
2025-02-05,2.111792,2.200587,2.368882,2.305353
2025-02-06,2.142782,2.22814,2.368882,2.318018
2025-02-07,2.181337,2.268447,2.368882,2.350466
2025-02-10,2.167847,2.271561,2.368882,2.344175
2025-02-11,2.135169,2.2602,2.368882,2.325248
2025-02-12,2.160083,2.288932,2.368882,2.360273
2025-02-13,2.135986,2.296424,2.368882,2.391179
2025-02-14,2.169632,2.314351,2.368882,2.405105
2025-02-17,2.175145,2.312066,2.368882,2.400369
2025-02-18,2.142464,2.297736,2.368882,2.405105
2025-02-19,2.175483,2.321434,2.368882,2.427521
2025-02-20,2.16385,2.310948,2.368882,2.403704
2025-02-21,2.253903,2.335671,2.368882,2.423612
2025-02-24,2.237721,2.331973,2.368882,2.410807
2025-02-25,2.202811,2.310276,2.368882,2.375684
2025-02-26,2.220191,2.325149,2.368882,2.384104
2025-02-27,2.201057,2.33144,2.368882,2.419899
2025-02-28,2.129316,2.294169,2.368882,2.441237
2025-03-03,2.111448,2.29319,2.368882,2.421945
2025-03-04,2.087797,2.283171,2.368882,2.398254
2025-03-05,2.095295,2.288422,2.368882,2.393014
2025-03-06,2.142435,2.313055,2.368882,2.448508
2025-03-07,2.111702,2.310983,2.368882,2.469551
2025-03-10,2.09088,2.306718,2.368882,2.472213
2025-03-11,2.089285,2.314787,2.368882,2.508331
2025-03-12,2.110849,2.308782,2.366993,2.499785
2025-03-13,2.088745,2.305206,2.360626,2.493046
2025-03-14,2.159299,2.356209,2.480081,2.619472
2025-03-17,2.146309,2.356814,2.49312,2.633272
2025-03-18,2.155955,2.356836,2.474772,2.613854
2025-03-19,2.173133,2.363422,2.490274,2.63026
2025-03-20,2.154505,2.349237,2.448298,2.585834
2025-03-21,2.087248,2.315739,2.408254,2.543454
2025-03-24,2.092571,2.320158,2.420499,2.556413
2025-03-25,2.068021,2.319999,2.410571,2.545906
2025-03-26,2.071878,2.321454,2.411233,2.546606
2025-03-27,2.090713,2.326728,2.428442,2.564819
2025-03-28,2.082695,2.318213,2.423424,2.559509
2025-03-31,2.053767,2.295928,2.391377,2.525591
2025-04-01,2.035967,2.291909,2.384784,2.518614
2025-04-02,2.04236,2.281141,2.375518,2.508807
2025-04-03,2.015183,2.267785,2.401808,2.536631
2025-04-07,1.798457,2.134819,2.310628,2.44013
2025-04-08,1.801941,2.1727,2.370197,2.503175
2025-04-09,1.821578,2.193289,2.364955,2.497627
2025-04-10,1.862762,2.21734,2.375492,2.508779
2025-04-11,1.917038,2.223547,2.40194,2.536771
2025-04-14,1.918275,2.223708,2.37945,2.512968
2025-04-15,1.905822,2.216134,2.387405,2.521388
2025-04-16,1.899405,2.219385,2.388954,2.523027
2025-04-17,1.890894,2.221647,2.40329,2.5382
2025-04-18,1.886276,2.214505,2.397916,2.532512
2025-04-21,1.894482,2.221492,2.378139,2.511581
2025-04-22,1.898459,2.22516,2.375227,2.508499
2025-04-23,1.907768,2.2278,2.379463,2.512982
2025-04-24,1.900163,2.220939,2.379794,2.513332
2025-04-25,1.904035,2.223121,2.376816,2.51018
2025-04-28,1.892843,2.2136,2.376816,2.51018
2025-04-29,1.906046,2.205165,2.368873,2.501774
2025-04-30,1.893779,2.204057,2.372844,2.505977
2025-05-06,1.919064,2.226265,2.37708,2.51046
2025-05-07,1.924329,2.237578,2.383434,2.517185
2025-05-08,1.92434,2.245866,2.414132,2.549674
2025-05-09,1.929907,2.241792,2.431327,2.567873
2025-05-12,1.94172,2.270557,2.44896,2.586535
2025-05-13,1.942083,2.273195,2.430162,2.566641
2025-05-14,1.955787,2.292794,2.489321,2.629252
2025-05-15,1.947254,2.273947,2.485376,2.625076
2025-05-16,1.951788,2.268118,2.461707,2.600026
2025-05-19,1.939753,2.261518,2.415177,2.550781
2025-05-20,1.960258,2.275183,2.42447,2.560616
2025-05-21,1.965394,2.288691,2.417812,2.553569
2025-05-22,1.977408,2.282867,2.416528,2.55221
2025-05-23,1.968964,2.269272,2.406732,2.541843
2025-05-26,1.936612,2.250095,2.377477,2.510881
2025-05-27,1.923836,2.233341,2.368741,2.501634
2025-05-28,1.909412,2.230268,2.359607,2.491967
2025-05-29,1.912216,2.23686,2.363578,2.49617
2025-05-30,1.893152,2.223591,2.339751,2.470952
2025-06-03,1.915071,2.223054,2.322542,2.452739
2025-06-04,1.929147,2.227132,2.323813,2.454084
2025-06-05,1.943978,2.232098,2.329161,2.459744
2025-06-06,1.944066,2.230443,2.319087,2.449082
2025-06-09,1.927587,2.23083,2.292241,2.42067
2025-06-10,1.924641,2.22001,2.275731,2.405119
2025-06-11,1.942182,2.24155,2.275731,2.41211
2025-06-12,1.926247,2.233357,2.275731,2.382689
2025-06-13,1.909876,2.221983,2.275731,2.337787
2025-06-16,1.923594,2.221387,2.275731,2.331258
2025-06-17,1.919458,2.224919,2.275731,2.337856
2025-06-18,1.928219,2.223806,2.275731,2.335055
2025-06-19,1.906967,2.204066,2.275731,2.336456
2025-06-20,1.917786,2.207223,2.275731,2.340182
2025-06-23,1.916677,2.205146,2.275731,2.32805
2025-06-24,1.937097,2.225159,2.275731,2.352147
2025-06-25,1.95871,2.254624,2.275731,2.350269
2025-06-26,1.931914,2.240975,2.275731,2.366717
2025-06-27,1.936804,2.237812,2.275731,2.343026
2025-06-30,1.926932,2.24576,2.275731,2.352035
2025-07-01,1.939102,2.244102,2.275731,2.345842
2025-07-02,1.931256,2.252621,2.275731,2.352147
2025-07-03,1.935703,2.26559,2.275731,2.360553
2025-07-04,1.935787,2.268214,2.275731,2.369827
2025-07-07,1.92827,2.259129,2.275731,2.353688
2025-07-08,1.933175,2.278679,2.275731,2.361267
2025-07-09,1.909154,2.279101,2.275731,2.365148
2025-07-10,1.904451,2.287243,2.275731,2.375824
2025-07-11,1.89846,2.28997,2.275731,2.376524
2025-07-14,1.899307,2.287443,2.275731,2.371761
2025-07-15,1.895956,2.282597,2.275731,2.354108
2025-07-16,1.894756,2.280292,2.275731,2.35415
2025-07-17,1.896767,2.294737,2.275731,2.361604
2025-07-18,1.927669,2.313437,2.275731,2.390534
2025-07-21,1.93192,2.331577,2.275731,2.39894
2025-07-22,1.942668,2.371015,2.275731,2.429734
2025-07-23,1.943648,2.360515,2.275731,2.444473
2025-07-24,1.935775,2.375468,2.275731,2.466889
2025-07-25,1.927097,2.356368,2.275731,2.415752
2025-07-28,1.955088,2.351044,2.275731,2.39286
2025-07-29,1.950889,2.3551,2.275731,2.393336
2025-07-30,1.950812,2.351238,2.275731,2.407963
2025-07-31,1.91804,2.301812,2.275731,2.369057
2025-08-01,1.899588,2.293782,2.275731,2.362514
2025-08-04,1.918705,2.298373,2.275731,2.365316
2025-08-05,1.933265,2.311359,2.275731,2.377561
2025-08-06,1.935807,2.316996,2.275731,2.372153
2025-08-07,1.932759,2.318268,2.275731,2.37001
2025-08-08,1.934767,2.31424,2.275731,2.368076
2025-08-11,1.928815,2.327176,2.275731,2.401742
2025-08-12,1.933767,2.330132,2.275731,2.39059
2025-08-13,1.965319,2.345173,2.275731,2.366787
2025-08-14,1.959579,2.336861,2.275731,2.37651
2025-08-15,1.962179,2.357427,2.275731,2.369631
2025-08-18,1.951338,2.378252,2.273912,2.378626
2025-08-19,1.929036,2.362577,2.286642,2.391935
2025-08-20,1.966495,2.386775,2.302722,2.408747
2025-08-21,1.998635,2.404226,2.300377,2.406296
2025-08-22,2.009606,2.437788,2.321415,2.428291
2025-08-25,2.060724,2.47123,2.356764,2.46525
2025-08-26,2.088567,2.485495,2.345079,2.453033
2025-08-27,2.060785,2.440784,2.300042,2.405945
2025-08-28,2.063138,2.453787,2.297496,2.403283
2025-08-29,2.063273,2.479335,2.342922,2.450777
2025-09-01,2.083738,2.479957,2.337696,2.445314
2025-09-02,2.074876,2.463636,2.358064,2.466609
2025-09-03,2.094368,2.442531,2.343659,2.451548
2025-09-04,2.039656,2.41869,2.333086,2.440494
2025-09-05,2.09947,2.467177,2.346942,2.454981
2025-09-08,2.112401,2.490408,2.37137,2.480521
2025-09-09,2.108251,2.476409,2.376422,2.485803
2025-09-10,2.100117,2.465285,2.399215,2.509634
2025-09-11,2.118028,2.503075,2.401211,2.511721
2025-09-12,2.117233,2.494412,2.391162,2.501214
2025-09-15,2.161252,2.514583,2.389956,2.499953
2025-09-16,2.144654,2.510557,2.369695,2.47877
2025-09-17,2.163167,2.529942,2.360342,2.46899
2025-09-18,2.145938,2.494412,2.326788,2.433909
2025-09-19,2.164385,2.501649,2.326801,2.433923
2025-09-22,2.216569,2.505878,2.307211,2.413441
2025-09-23,2.244644,2.499379,2.299265,2.405133
2025-09-24,2.298854,2.532761,2.292002,2.397539
2025-09-25,2.331388,2.541793,2.287982,2.393336
2025-09-26,2.272268,2.523896,2.282622,2.387732
2025-09-29,2.315337,2.555446,2.317274,2.423962
2025-09-30,2.34847,2.570346,2.294668,2.400327
2025-10-09,2.401248,2.599038,2.285007,2.390226
2025-10-10,2.299748,2.557849,2.275922,2.380727
2025-10-13,2.265316,2.538561,2.26145,2.365596
2025-10-14,2.187551,2.523881,2.304089,2.410176
2025-10-15,2.256918,2.556147,2.318802,2.42556
2025-10-16,2.251533,2.56742,2.349501,2.457657
2025-10-17,2.190331,2.515599,2.309422,2.415752
2025-10-20,2.198562,2.515668,2.313348,2.419857
2025-10-21,2.247903,2.535569,2.31915,2.425924
2025-10-22,2.207777,2.519462,2.312529,2.420936
2025-10-23,2.200661,2.530687,2.312529,2.433938
2025-10-24,2.24932,2.54055,2.312529,2.408747
2025-10-27,2.287729,2.560284,2.312529,2.395312
2025-10-28,2.249138,2.548079,2.312529,2.401742
2025-10-29,2.285536,2.575067,2.312529,2.383389
2025-10-30,2.297146,2.568649,2.312529,2.37616
2025-10-31,2.243447,2.546329,2.312529,2.380741
2025-11-03,2.22588,2.55,2.312529,2.387732
2025-11-04,2.137069,2.512666,2.312529,2.379326
2025-11-05,2.150113,2.518344,2.312529,2.366829
2025-11-06,2.190248,2.53873,2.312529,2.387915
2025-11-07,2.183755,2.542302,2.312529,2.385393
2025-11-10,2.158708,2.564593,2.312529,2.42598
2025-11-11,2.126886,2.546602,2.312529,2.421342
2025-11-12,2.126393,2.532734,2.312529,2.429973
2025-11-13,2.199025,2.564652,2.312529,2.4373
2025-11-14,2.168862,2.53749,2.312529,2.417994
2025-11-17,2.137425,2.517419,2.312529,2.438169
2025-11-18,2.112213,2.501126,2.312529,2.445173
2025-11-19,2.148012,2.507785,2.312529,2.438183
2025-11-20,2.089207,2.481821,2.312529,2.432719
2025-11-21,2.01353,2.438537,2.312529,2.432004
2025-11-24,2.023775,2.443335,2.312529,2.411549
2025-11-25,2.048372,2.454616,2.312529,2.401252
2025-11-26,2.050031,2.459644,2.312529,2.407557
2025-11-27,2.041259,2.461534,2.312529,2.404965
2025-11-28,2.055091,2.4678,2.312529,2.409448
2025-12-01,2.128585,2.492889,2.312529,2.405945
2025-12-02,2.084907,2.478534,2.312529,2.389175
2025-12-03,2.07167,2.462816,2.312529,2.379466
2025-12-04,2.095007,2.466163,2.312529,2.372293
2025-12-05,2.087771,2.478333,2.312529,2.380741
2025-12-08,2.10148,2.479591,2.312529,2.364223
2025-12-09,2.084277,2.462593,2.312529,2.340112
2025-12-10,2.075648,2.465622,2.312529,2.34262
2025-12-11,2.068544,2.448818,2.312529,2.355495
2025-12-12,2.110008,2.473554,2.312529,2.367628
2025-12-15,2.085115,2.458166,2.312529,2.375123
2025-12-16,2.041286,2.435649,2.312529,2.369519
2025-12-17,2.086403,2.457604,2.312529,2.38507
2025-12-18,2.066296,2.447387,2.312529,2.382128
2025-12-19,2.054357,2.456293,2.312529,2.386271
2025-12-22,2.094185,2.466656,2.312529,2.383833
2025-12-23,2.093097,2.463536,2.312529,2.383273
2025-12-24,2.105012,2.465183,2.312529,2.373522
2025-12-25,2.105142,2.472182,2.312529,2.392113
2025-12-26,2.119054,2.490238,2.312529,2.392057
2025-12-29,2.106577,2.477956,2.312529,2.375063
2025-12-30,2.112921,2.47375,2.312529,2.357859
2025-12-31,2.111991,2.466861,2.312529,2.34029
2026-01-05,2.149962,2.497692,2.312529,2.408687
2026-01-06,2.208591,2.538751,2.312529,2.411503
2026-01-07,2.173308,2.518603,2.312529,2.404988
2026-01-08,2.163395,2.512117,2.312529,2.389493
2026-01-09,2.18488,2.520405,2.312529,2.39902
2026-01-12,2.203042,2.539288,2.312529,2.404806
2026-01-13,2.225416,2.517415,2.312529,2.387672
2026-01-14,2.211194,2.502629,2.312529,2.369473
2026-01-15,2.251462,2.50211,2.312529,2.356696
2026-01-16,2.237109,2.489849,2.312529,2.347043
2026-01-19,2.254217,2.490533,2.312529,2.338637
2026-01-20,2.26134,2.492714,2.312529,2.335204
2026-01-21,2.247659,2.481629,2.312529,2.303696
2026-01-22,2.236831,2.477631,2.312529,2.288285
2026-01-23,2.213859,2.477724,2.312529,2.283998
2026-01-26,2.245079,2.474651,2.312529,2.291003
2026-01-27,2.239716,2.465501,2.312529,2.292418
2026-01-28,2.258439,2.468071,2.312529,2.265351
2026-01-29,2.265926,2.494086,2.312529,2.425107
2026-01-30,2.231955,2.45994,2.312529,2.373662
2026-02-02,2.145114,2.41541,2.312529,2.410088
2026-02-03,2.221521,2.449757,2.312529,2.477224
2026-02-04,2.243009,2.495284,2.312529,2.547386
2026-02-05,2.210299,2.480341,2.312529,2.589417
2026-02-06,2.206281,2.4672,2.312529,2.533391
2026-02-09,2.271529,2.491934,2.312529,2.54733
2026-02-10,2.270339,2.489734,2.312529,2.519086
2026-02-11,2.284021,2.490235,2.31068,2.518428
2026-02-12,2.306743,2.490325,2.287878,2.493588
2026-02-13,2.244876,2.460913,2.286206,2.491767
2026-02-24,2.269852,2.480088,2.262415,2.465848
2026-02-25,2.318257,2.494351,2.294386,2.500677
2026-02-26,2.326421,2.485424,2.261656,2.465022
2026-02-27,2.331198,2.488004,2.247265,2.449344
2026-03-02,2.416131,2.50419,2.22809,2.428455
2026-03-03,2.370515,2.487316,2.210189,2.408953
2026-03-04,2.306328,2.456708,2.178025,2.373914
2026-03-05,2.306452,2.462935,2.175272,2.370916
2026-03-06,2.337715,2.483836,2.179079,2.375063
2026-03-09,2.267354,2.464086,2.172649,2.368058
2026-03-10,2.328394,2.490768,2.178925,2.374895
2026-03-11,2.310506,2.512867,2.176507,2.372261
2026-03-12,2.259513,2.509277,2.166219,2.361053
2026-03-13,2.211175,2.496294,2.194049,2.391371
2026-03-16,2.217587,2.501502,2.253901,2.456574
2026-03-17,2.210237,2.496355,2.285821,2.491346
2026-03-18,2.248798,2.49268,2.264987,2.46865
2026-03-19,2.162993,2.459338,2.2445,2.446332
2026-03-20,2.116089,2.447013,2.234379,2.435306
2026-03-23,2.060474,2.391348,2.186886,2.383567
2026-03-24,2.116001,2.408189,2.185934,2.38253
2026-03-25,2.18411,2.432054,2.189715,2.386649
2026-03-26,2.136975,2.402286,2.178025,2.373914
2026-03-27,2.157024,2.42321,2.195352,2.394705
2026-03-30,2.163013,2.41161,2.195352,2.400281
2026-03-31,2.121867,2.388004,2.195352,2.442311
2026-04-01,2.187887,2.417178,2.195352,2.455537
2026-04-02,2.215101,2.407023,2.195352,2.456153
2026-04-03,2.204165,2.378341,2.193597,2.456321
2026-04-07,2.178168,2.369662,2.168587,2.428329
2026-04-08,2.238752,2.426049,2.199881,2.463354
2026-04-09,2.212679,2.405366,2.19421,2.457008
2026-04-10,2.241371,2.431192,2.186036,2.447859
2026-04-13,2.233967,2.440379,2.172705,2.432939
2026-04-14,2.253847,2.457237,2.177199,2.437968
2026-04-15,2.253959,2.452554,2.202985,2.466829
2026-04-16,2.267051,2.47118,2.197152,2.4603
2026-04-17,2.251563,2.450135,2.127554,2.382404
2026-04-20,2.251055,2.464268,2.132123,2.387518
2026-04-21,2.279015,2.472288,2.133525,2.389087
2026-04-22,2.24622,2.46697,2.130383,2.385571
2026-04-23,2.249985,2.460651,2.142274,2.39888
2026-04-24,2.244167,2.452786,2.191707,2.454206
2026-04-27,2.20086,2.456119,2.122497,2.376744
2026-04-28,2.160036,2.450024,2.12475,2.379266
2026-04-29,2.190538,2.477157,2.119956,2.3739
2026-04-30,2.175561,2.460521,2.097772,2.350952
2026-05-06,2.228713,2.482182,2.097772,2.337236
2026-05-07,2.225208,2.477959,2.097772,2.331702
2026-05-08,2.256648,2.474513,2.097772,2.33442
2026-05-11,2.274247,2.49473,2.097772,2.318084
2026-05-12,2.236458,2.478027,2.097772,2.308586
2026-05-13,2.284871,2.48169,2.097772,2.293931
2026-05-14,2.220717,2.443017,2.097772,2.291241
2026-05-15,2.182946,2.411659,2.097772,2.278324
2026-05-18,2.146956,2.382925,2.097772,2.264384
2026-05-19,2.163299,2.395227,2.097772,2.266205
2026-05-20,2.145715,2.371017,2.097772,2.253176
2026-05-21,2.110504,2.349395,2.097772,2.247572
2026-05-22,2.147994,2.355709,2.097772,2.218431
2026-05-25,2.133872,2.363823,2.097772,2.212378
2026-05-26,2.111941,2.361524,2.097772,2.194866
2026-05-27,2.0845,2.348483,2.097772,2.236364
2026-05-28,2.079148,2.333485,2.097772,2.198509
2026-05-29,2.061996,2.347126,2.097772,2.268587
2026-06-01,2.046387,2.335543,2.097772,2.24561
2026-06-02,2.053087,2.349299,2.097772,2.242276
2026-06-03,2.049063,2.340514,2.097772,2.206817
2026-06-04,2.050082,2.314375,2.097772,2.187328
2026-06-05,2.009611,2.293832,2.097772,2.194137
2026-06-08,1.952968,2.250307,2.097772,2.180295
2026-06-09,1.964469,2.265701,2.097772,2.170516
2026-06-10,1.921547,2.254268,2.097772,2.198368
2026-06-11,1.908914,2.242033,2.097772,2.20274
2026-06-12,1.952542,2.275356,2.097772,2.220826
2026-06-15,2.000813,2.297285,2.097772,2.191672
2026-06-16,1.972096,2.274958,2.097772,2.170054
2026-06-17,1.990791,2.268475,2.097772,2.1481
2026-06-18,1.987703,2.244688,2.097772,2.113075
2026-06-22,2.066188,2.288253,2.097772,2.150076
2026-06-23,2.069883,2.247644,2.097772,2.123513
2026-06-24,2.134731,2.247664,2.097772,2.10282
2026-06-25,2.109542,2.244693,2.097772,2.109012
2026-06-26,2.01693,2.188933,2.097772,2.087373
2026-06-29,1.97917,2.207118,2.097772,2.124261
2026-06-30,1.985064,2.206252,2.097772,2.110994
2026-07-01,1.941683,2.216386,2.097772,2.121529
2026-07-02,1.888956,2.209202,2.097772,2.135525
2026-07-03,1.925305,2.237627,2.097772,2.123547
2026-07-06,1.926591,2.24994,2.097772,2.141003
2026-07-07,1.888851,2.224953,2.097772,2.115631
2026-07-08,1.858562,2.212433,2.097772,2.130342
2026-07-09,1.912951,2.232286,2.097772,2.106371
2026-07-10,1.853918,2.227216,2.097772,2.138299
2026-07-13,1.817899,2.210719,2.097772,2.146719
2026-07-14,1.845609,2.236461,2.097772,2.152169
2026-07-15,1.863245,2.27193,2.097772,2.202858
2026-07-16,1.834075,2.265501,2.097772,2.213968
2026-07-17,1.787901,2.235601,2.097772,2.205576
2026-07-20,1.822456,2.278422,2.097772,2.30995
2026-07-21,1.867954,2.287439,2.097772,2.282631
2026-07-22,1.878728,2.307788,2.097772,2.278428
2026-07-23,1.911564,2.322467,2.097772,2.260229
2026-07-24,1.891435,2.289491,2.097772,2.267794
2026-07-27,1.94224,2.307605,2.097772,2.256712
2026-07-28,1.914017,2.305643,2.097772,2.299443
2026-07-29,1.936934,2.331047,2.097772,2.300844
2026-07-30,1.918738,2.350185,2.097772,2.357949
2026-07-31,1.928926,2.340962,2.096105,2.342314
2026-08-03,1.929049,2.329761,2.106555,2.354054
2026-08-04,1.923531,2.306982,2.068371,2.311155
2026-08-05,1.954724,2.32354,2.041048,2.280459
2026-08-06,1.927707,2.309185,2.043667,2.283401
2026-08-07,1.918433,2.316532,2.044502,2.28434
2026-08-10,1.937873,2.335345,2.093935,2.339876
2026-08-11,1.894014,2.308541,2.090992,2.336569
2026-08-12,1.89889,2.317276,2.086627,2.331666
2026-08-13,1.894751,2.304046,2.101954,2.348884
2026-08-14,1.876468,2.294167,2.085368,2.330251
2026-08-17,1.900552,2.308278,2.024387,2.261742
2026-08-18,1.900778,2.308155,2.030498,2.268607
2026-08-19,1.910731,2.286601,2.042831,2.282463
2026-08-20,1.905704,2.29494,2.022405,2.259514
2026-08-21,1.931536,2.299344,1.999122,2.233357
2026-08-24,1.922332,2.294765,2.038816,2.277951
2026-08-25,1.915656,2.296697,2.037993,2.277027
2026-08-26,1.911976,2.308576,2.036496,2.275346
2026-08-27,1.911506,2.31071,2.023402,2.260635
2026-08-28,1.905265,2.312547,2.029762,2.26778
2026-08-31,1.924723,2.301637,2.032406,2.27075
2026-09-01,1.904286,2.307307,2.032456,2.270806
2026-09-02,1.87971,2.279769,2.029887,2.26792
2026-09-03,1.903153,2.289965,2.031608,2.269854
2026-09-04,1.889103,2.302408,2.070416,2.313453
2026-09-07,1.880668,2.290953,2.05297,2.293853
2026-09-08,1.86794,2.290728,2.044602,2.284452
2026-09-09,1.920208,2.303409,2.021631,2.258646
2026-09-10,1.897433,2.284848,2.014461,2.25059
2026-09-11,1.891396,2.25968,2.002028,2.236622
2026-09-14,1.873961,2.257565,2.00552,2.240545
2026-09-15,1.871184,2.235914,1.999022,2.233245
2026-09-16,1.858919,2.223669,1.980629,2.212581
2026-09-17,1.88373,2.2229,1.991827,2.225162
2026-09-18,1.905596,2.235376,1.979531,2.211348
2026-09-21,1.906463,2.246339,1.973857,2.204973
2026-09-22,1.902183,2.248032,1.975391,2.206696
2026-09-23,1.882866,2.236907,1.972198,2.20311
2026-09-24,1.867272,2.209206,1.952887,2.183159
2026-09-28,1.862876,2.208791,1.952887,2.183159
2026-09-29,1.847013,2.203912,1.952887,2.183159
