date,bar,symbol,side,qty,price,commission
2019-01-11,61,sh600519,BUY,260.1367,3842.9485,299.9076
2019-06-19,164,sh600519,SELL,260.1367,5504.8252,429.6022
2019-06-21,166,sh600519,BUY,248.477,5759.7104,429.3466
2019-12-16,286,sh600519,SELL,248.477,6801.0898,506.9743
2020-03-16,344,sh600519,BUY,255.8736,6352.2675,487.6132
2020-03-19,347,sh600519,SELL,255.8736,5946.5472,456.4693
2020-04-15,365,sh600519,BUY,224.9423,7042.5765,475.2521
2020-10-21,489,sh600519,SELL,224.9423,10189.7576,687.6324
2020-11-05,500,sh600519,BUY,226.008,10135.5953,687.2178
2020-11-11,504,sh600519,SELL,226.008,10178.6201,690.135
2020-11-25,514,sh600519,BUY,221.8859,10163.6353,676.5503
2021-03-22,591,sh600519,SELL,221.8859,11633.4574,774.3902
2021-05-31,637,sh600519,BUY,202.0363,12928.9252,783.6336
2021-07-12,666,sh600519,SELL,202.0363,11578.9126,701.8081
2021-10-15,728,sh600519,BUY,207.1403,11342.5825,704.8519
2022-02-07,803,sh600519,SELL,207.1403,11055.5675,687.0162
2022-05-09,863,sh600519,BUY,215.1817,10413.7063,672.2517
2022-08-22,937,sh600519,SELL,215.1817,11323.8492,731.0055
2022-12-19,1016,sh600519,BUY,231.5537,10653.9913,740.0913
2023-03-17,1074,sh600519,SELL,231.5537,10592.2112,735.7997
2023-07-07,1148,sh600519,BUY,234.5204,10456.0814,735.6494
2023-10-12,1211,sh600519,SELL,234.5204,10985.4575,772.8943
2023-11-29,1245,sh600519,BUY,236.8902,10932.8797,776.9677
2023-12-06,1250,sh600519,SELL,236.8902,10518.5871,747.5251
2024-03-01,1305,sh600519,BUY,235.3035,10535.6762,743.7246
2024-04-26,1343,sh600519,SELL,235.3035,10662.2252,752.6578
2024-05-13,1351,sh600519,BUY,232.5383,10653.5801,743.2095
2024-06-05,1368,sh600519,SELL,232.5383,10294.1843,718.1375
2024-10-11,1452,sh600519,BUY,232.9297,10258.6848,716.8658
2024-12-17,1499,sh600519,SELL,232.9297,9984.1154,697.6792
2025-03-12,1553,sh600519,BUY,235.2168,10041.7504,708.5964
2025-06-10,1612,sh600519,SELL,235.2168,9651.6358,681.0679
2025-08-18,1661,sh600519,BUY,238.1046,9554.817,682.5137
2025-10-22,1702,sh600519,SELL,238.1046,9715.141,693.9658
2026-02-11,1780,sh600519,BUY,228.5172,10116.6758,693.5504
2026-03-27,1806,sh600519,SELL,228.5172,9609.8247,658.8031
2026-04-03,1811,sh600519,BUY,222.4259,9867.0731,658.4079
2026-04-30,1829,sh600519,SELL,222.4259,9434.1576,629.5204
2026-07-31,1891,sh600519,BUY,221.5883,9408.8801,625.4692
2026-09-24,1930,sh600519,SELL,221.5883,8760.4806,582.3659
